rating,Model,Price,Sim,5G,IrBlaster,NFC,Speed,Core,ProcessorName,Ram,Rom,Capacity,Watt,FastCharging,Inches,Xaxis,Yaxis,Hz,Notches,RearCamera,RearMP,FrontMP,RearCameraCount,HasMemoryCard,IsHybrid,ExtraSupport,OS
89.0,oneplus 11,54999.0,1.0,1,0,1,3.2,8.0,snapdragon,12.0,256.0,5000.0,100.0,1,6.7,1440.0,3216.0,120.0,punch hole,1.0,50.0,16.0,3.0,0.0,0.0,0.0,android
81.0,oneplus nord ce 2 lite,19989.0,1.0,1,0,0,2.2,8.0,snapdragon,6.0,128.0,5000.0,33.0,1,6.59,1080.0,2412.0,120.0,punch hole,1.0,64.0,16.0,3.0,1.0,1.0,1024.0,android
75.0,samsung galaxy a14,16499.0,1.0,1,0,0,2.4,8.0,exynos,4.0,64.0,5000.0,15.0,1,6.6,1080.0,2408.0,90.0,water drop notch,1.0,50.0,13.0,3.0,1.0,0.0,1024.0,android
81.0,motorola moto g62,14999.0,1.0,1,0,0,2.2,8.0,snapdragon,6.0,128.0,5000.0,,1,6.55,1080.0,2400.0,120.0,punch hole,1.0,50.0,16.0,3.0,1.0,1.0,1024.0,android
82.0,realme 10 pro plus,24999.0,1.0,1,0,0,2.6,8.0,dimensity,6.0,128.0,5000.0,67.0,1,6.7,1080.0,2412.0,120.0,punch hole,1.0,108.0,16.0,3.0,0.0,0.0,0.0,android
80.0,samsung galaxy f23,16999.0,1.0,1,0,1,2.2,8.0,snapdragon,6.0,128.0,5000.0,25.0,1,6.6,1080.0,2408.0,120.0,water drop notch,1.0,50.0,8.0,3.0,1.0,0.0,1024.0,android
81.0,apple iphone 14,65999.0,1.0,1,0,1,3.22,6.0,bionic,6.0,128.0,3279.0,,1,6.1,1170.0,2532.0,,small notch,1.0,12.0,12.0,2.0,0.0,0.0,0.0,ios
86.0,xiaomi redmi note 12 pro plus,29999.0,1.0,1,1,0,2.6,8.0,dimensity,8.0,256.0,4980.0,120.0,1,6.67,1080.0,2400.0,120.0,punch hole,1.0,200.0,16.0,3.0,0.0,0.0,0.0,android
85.0,nothing phone 1,26749.0,1.0,1,0,1,2.5,8.0,snapdragon,8.0,128.0,4500.0,33.0,1,6.55,1080.0,2400.0,120.0,punch hole,1.0,50.0,16.0,2.0,,,,
84.0,oneplus nord 2t,28999.0,1.0,1,0,1,3.0,8.0,dimensity,8.0,128.0,4500.0,80.0,1,6.43,1080.0,2400.0,90.0,punch hole,1.0,50.0,32.0,3.0,,,,
82.0,realme 10 pro,18999.0,1.0,1,0,0,2.2,8.0,snapdragon,6.0,128.0,5000.0,33.0,1,6.72,1080.0,2400.0,120.0,punch hole,1.0,108.0,16.0,2.0,1.0,0.0,1024.0,android
79.0,oppo a78,18999.0,1.0,1,0,1,2.2,8.0,dimensity,8.0,128.0,5000.0,33.0,1,6.56,720.0,1612.0,90.0,water drop notch,1.0,50.0,8.0,2.0,1.0,0.0,,android
79.0,xiaomi redmi note 12 pro,24762.0,1.0,1,1,0,2.6,8.0,dimensity,6.0,128.0,5000.0,67.0,1,6.67,1080.0,2400.0,120.0,punch hole,1.0,50.0,16.0,3.0,,,,
80.0,vivo t1,16990.0,1.0,1,0,0,2.2,8.0,snapdragon,6.0,128.0,5000.0,18.0,1,6.58,1080.0,2408.0,120.0,water drop notch,1.0,50.0,16.0,3.0,1.0,1.0,1024.0,android
,samsung galaxy s23 ultra,114990.0,1.0,1,0,1,3.2,8.0,snapdragon,8.0,256.0,5000.0,45.0,1,6.8,1440.0,3088.0,120.0,punch hole,1.0,200.0,12.0,4.0,0.0,0.0,0.0,android
79.0,apple iphone 13,62999.0,1.0,1,0,1,3.22,6.0,bionic,4.0,128.0,3240.0,,1,6.1,1170.0,2532.0,,small notch,1.0,12.0,12.0,2.0,0.0,0.0,0.0,ios
65.0,vivo y16,9999.0,1.0,0,0,0,2.3,8.0,helio,3.0,32.0,5000.0,10.0,1,6.51,720.0,1600.0,,water drop notch,1.0,13.0,5.0,2.0,1.0,0.0,,android
86.0,oppo reno 9 pro plus,45999.0,1.0,1,0,1,3.2,8.0,snapdragon,16.0,256.0,4700.0,80.0,1,6.7,1080.0,2412.0,120.0,punch hole,1.0,50.0,32.0,3.0,,,,
86.0,oneplus 10r,32999.0,1.0,1,0,1,2.85,8.0,dimensity,8.0,128.0,5000.0,80.0,1,6.7,1080.0,2412.0,120.0,punch hole,1.0,50.0,16.0,3.0,,,,
72.0,vivo y22,14499.0,1.0,0,0,0,2.0,8.0,helio,4.0,64.0,5000.0,18.0,1,6.55,720.0,1612.0,,water drop notch,1.0,50.0,8.0,2.0,1.0,0.0,1024.0,android
85.0,oneplus 11r,39999.0,1.0,1,0,1,3.2,8.0,snapdragon,8.0,128.0,5000.0,100.0,1,6.7,1080.0,2412.0,120.0,punch hole,1.0,50.0,16.0,3.0,,,,
85.0,vivo v25 pro,35999.0,1.0,1,0,0,3.0,8.0,dimensity,8.0,128.0,4830.0,66.0,1,6.56,1080.0,2376.0,120.0,punch hole,1.0,64.0,32.0,3.0,,,,
80.0,poco x4 pro,14999.0,1.0,1,1,0,2.2,8.0,snapdragon,6.0,64.0,5000.0,67.0,1,6.67,1080.0,2400.0,120.0,punch hole,1.0,64.0,16.0,3.0,1.0,1.0,1024.0,android
76.0,xiaomi redmi note 12,17859.0,1.0,1,1,0,2.0,8.0,snapdragon,4.0,128.0,5000.0,33.0,1,6.67,1080.0,2400.0,120.0,punch hole,1.0,48.0,13.0,3.0,1.0,1.0,1024.0,android
87.0,vivo v26 pro,42990.0,1.0,1,0,1,3.2,8.0,dimensity,12.0,256.0,4800.0,100.0,1,6.7,1080.0,2400.0,120.0,punch hole,1.0,64.0,32.0,3.0,,,,
88.0,samsung galaxy s20 fe,31239.0,1.0,1,0,1,2.84,8.0,snapdragon,8.0,128.0,4500.0,,1,6.5,1080.0,2400.0,120.0,punch hole,1.0,12.0,32.0,3.0,1.0,1.0,,android
84.0,oneplus nord ce 2 lite,21995.0,1.0,1,0,0,2.2,8.0,snapdragon,8.0,128.0,5000.0,33.0,1,6.59,1080.0,2412.0,120.0,punch hole,1.0,64.0,16.0,3.0,1.0,1.0,1024.0,android
76.0,apple iphone 14 pro max,129990.0,1.0,1,0,1,,6.0,bionic,6.0,128.0,4323.0,,1,6.7,1290.0,2796.0,120.0,,1.0,48.0,12.0,3.0,0.0,0.0,0.0,ios
83.0,vivo v25,27999.0,1.0,1,0,0,2.0,8.0,dimensity,8.0,128.0,4500.0,44.0,1,6.44,1080.0,2408.0,90.0,water drop notch,1.0,64.0,50.0,3.0,1.0,1.0,1024.0,android
,oneplus 11 pro,69999.0,1.0,1,0,1,3.2,8.0,snapdragon,8.0,128.0,4500.0,100.0,1,6.7,1440.0,3216.0,120.0,punch hole,1.0,50.0,16.0,3.0,,,,
84.0,realme 10 pro,19999.0,1.0,1,0,0,2.2,8.0,snapdragon,8.0,128.0,5000.0,33.0,1,6.72,1080.0,2400.0,120.0,punch hole,1.0,108.0,16.0,2.0,1.0,0.0,1024.0,android
81.0,poco x5 pro,20999.0,1.0,1,1,1,2.4,8.0,snapdragon,6.0,128.0,5000.0,67.0,1,6.67,1080.0,2400.0,120.0,punch hole,1.0,108.0,16.0,3.0,0.0,0.0,0.0,android
83.0,vivo v27,27990.0,1.0,1,0,0,2.2,8.0,dimensity,8.0,256.0,4700.0,67.0,1,6.56,1080.0,2400.0,120.0,punch hole,1.0,64.0,50.0,3.0,1.0,0.0,,android
73.0,apple iphone 11,38999.0,1.0,0,0,1,2.65,6.0,bionic,4.0,64.0,3110.0,,0,6.1,828.0,1792.0,,large notch,1.0,12.0,12.0,2.0,0.0,0.0,0.0,ios
85.0,samsung galaxy m53,23790.0,1.0,1,0,0,2.4,8.0,dimensity,6.0,128.0,5000.0,25.0,1,6.7,1080.0,2400.0,120.0,punch hole,1.0,108.0,32.0,4.0,1.0,1.0,1024.0,android
87.0,samsung galaxy s21 fe,39999.0,1.0,1,0,1,2.9,8.0,exynos,8.0,128.0,4500.0,25.0,1,6.4,1080.0,2340.0,120.0,punch hole,1.0,12.0,32.0,3.0,0.0,0.0,0.0,android
87.0,oppo reno 8t,29990.0,1.0,1,0,1,2.2,8.0,snapdragon,8.0,256.0,5000.0,66.0,1,6.67,1080.0,2400.0,120.0,punch hole,1.0,108.0,16.0,3.0,1.0,0.0,1024.0,android
,samsung galaxy s22 ultra,91999.0,1.0,1,0,1,3.0,8.0,snapdragon,12.0,256.0,5000.0,45.0,1,6.8,1440.0,3080.0,120.0,punch hole,1.0,108.0,40.0,4.0,,,,
83.0,xiaomi redmi note 12 pro max,32999.0,1.0,1,1,0,2.36,8.0,snapdragon,6.0,128.0,5200.0,210.0,1,6.67,1080.0,2460.0,120.0,punch hole,1.0,108.0,32.0,4.0,1.0,0.0,512.0,android
83.0,oppo reno 9,28499.0,1.0,1,0,1,2.4,8.0,snapdragon,8.0,256.0,4500.0,67.0,1,6.7,1080.0,2412.0,120.0,punch hole,1.0,64.0,32.0,2.0,,,,
83.0,oneplus nord ce 3,21999.0,1.0,1,0,1,2.2,8.0,snapdragon,6.0,128.0,5000.0,67.0,1,6.7,1080.0,2412.0,120.0,punch hole,1.0,108.0,16.0,3.0,1.0,0.0,1024.0,android
83.0,xiaomi redmi note 11 pro plus,19999.0,1.0,1,1,0,2.2,8.0,snapdragon,6.0,128.0,5000.0,67.0,1,6.67,1080.0,2400.0,120.0,punch hole,1.0,108.0,16.0,3.0,1.0,1.0,1024.0,android
87.0,motorola edge 20 fusion,18999.0,1.0,1,0,1,2.4,8.0,dimensity,6.0,128.0,5000.0,30.0,1,6.67,1080.0,2400.0,90.0,punch hole,1.0,108.0,32.0,3.0,1.0,1.0,1024.0,android
85.0,realme 10 pro plus,27999.0,1.0,1,0,0,2.6,8.0,dimensity,8.0,256.0,5000.0,67.0,1,6.7,1080.0,2412.0,120.0,punch hole,1.0,108.0,16.0,3.0,0.0,0.0,0.0,android
80.0,vivo y35,18499.0,1.0,0,0,0,2.4,8.0,snapdragon,8.0,128.0,5000.0,44.0,1,6.58,1080.0,2408.0,90.0,water drop notch,1.0,50.0,16.0,3.0,1.0,0.0,1024.0,android
81.0,samsung galaxy m33,17478.0,1.0,1,0,1,2.4,8.0,exynos,6.0,128.0,6000.0,25.0,1,6.6,1080.0,2400.0,120.0,water drop notch,1.0,50.0,8.0,4.0,1.0,0.0,1024.0,android
76.0,xiaomi redmi note 11,11936.0,1.0,0,1,0,2.4,8.0,snapdragon,4.0,64.0,5000.0,33.0,1,6.43,1080.0,2400.0,90.0,punch hole,1.0,50.0,13.0,4.0,1.0,0.0,512.0,android
64.0,realme c33,8950.0,1.0,0,0,0,1.8,8.0,unisoc,3.0,32.0,5000.0,,0,6.5,720.0,1600.0,,water drop notch,1.0,50.0,5.0,2.0,1.0,0.0,1024.0,android
68.0,vivo y16,12489.0,1.0,0,0,0,2.3,8.0,helio,4.0,64.0,5000.0,10.0,1,6.51,720.0,1600.0,,water drop notch,1.0,13.0,5.0,2.0,1.0,0.0,,android
,samsung galaxy a74,42999.0,1.0,1,0,1,2.36,8.0,snapdragon,8.0,128.0,5000.0,33.0,1,6.7,1080.0,2412.0,120.0,punch hole,1.0,108.0,32.0,4.0,1.0,1.0,1024.0,android
79.0,samsung galaxy a14,18999.0,1.0,1,0,0,2.4,8.0,exynos,6.0,128.0,5000.0,15.0,1,6.6,1080.0,2408.0,90.0,water drop notch,1.0,50.0,13.0,3.0,1.0,0.0,1024.0,android
82.0,iqoo neo 7,29999.0,1.0,1,1,1,3.1,8.0,dimensity,8.0,128.0,5000.0,120.0,1,6.78,1080.0,2400.0,120.0,punch hole,1.0,64.0,16.0,3.0,,,,
64.0,jio jiophone,11990.0,1.0,1,0,0,2.2,8.0,snapdragon,4.0,32.0,5000.0,18.0,1,6.5,720.0,1600.0,90.0,,1.0,13.0,8.0,1.0,1.0,0.0,512.0,android
83.0,motorola moto g82,18999.0,1.0,1,0,1,2.2,8.0,snapdragon,6.0,128.0,5000.0,30.0,1,6.6,1080.0,2400.0,120.0,punch hole,1.0,50.0,16.0,3.0,1.0,0.0,1024.0,android
74.0,realme 10,13999.0,1.0,0,0,0,2.2,8.0,helio,4.0,64.0,5000.0,33.0,1,6.4,1080.0,2400.0,90.0,punch hole,1.0,50.0,16.0,2.0,1.0,0.0,1024.0,android
75.0,realme 9i,14965.0,1.0,1,0,0,2.4,8.0,dimensity,4.0,64.0,5000.0,18.0,1,6.6,1080.0,2408.0,90.0,punch hole,1.0,50.0,8.0,3.0,1.0,0.0,1024.0,android
82.0,apple iphone 14 plus,74999.0,1.0,1,0,1,3.22,6.0,bionic,6.0,128.0,4325.0,,1,6.7,1284.0,2778.0,,small notch,1.0,12.0,12.0,2.0,0.0,0.0,0.0,ios
78.0,xiaomi redmi note 10s,10999.0,1.0,0,1,0,2.05,8.0,helio,6.0,64.0,5000.0,33.0,1,6.43,1080.0,2400.0,,punch hole,1.0,64.0,13.0,4.0,1.0,0.0,512.0,android
89.0,samsung galaxy s23 plus,84990.0,1.0,1,0,1,3.2,8.0,snapdragon,8.0,256.0,4700.0,45.0,1,6.6,1080.0,2340.0,120.0,punch hole,1.0,50.0,12.0,3.0,,,,
75.0,motorola moto g32,10499.0,1.0,0,0,0,2.4,8.0,snapdragon,4.0,64.0,5000.0,33.0,1,6.55,1080.0,2400.0,90.0,punch hole,1.0,50.0,16.0,3.0,1.0,1.0,1024.0,android
78.0,xiaomi redmi note 13 pro,17990.0,1.0,1,1,1,2.0,8.0,dimensity,6.0,128.0,5000.0,67.0,1,6.67,1080.0,2460.0,120.0,punch hole,1.0,108.0,16.0,3.0,,,,
85.0,vivo s16,29990.0,1.0,1,0,1,3.2,8.0,snapdragon,8.0,128.0,4600.0,66.0,1,6.78,1080.0,2400.0,120.0,punch hole,1.0,64.0,50.0,3.0,,,,
79.0,samsung galaxy a23,18499.0,1.0,0,0,0,2.4,8.0,snapdragon,6.0,128.0,5000.0,25.0,1,6.6,1080.0,2408.0,,water drop notch,1.0,50.0,8.0,4.0,1.0,0.0,1024.0,android
75.0,vivo y22,16499.0,1.0,0,0,0,2.0,8.0,helio,6.0,128.0,5000.0,18.0,1,6.55,720.0,1612.0,,water drop notch,1.0,50.0,8.0,2.0,1.0,0.0,1024.0,android
81.0,poco m4 pro,14999.0,1.0,1,1,0,2.4,8.0,dimensity,6.0,128.0,5000.0,33.0,1,6.6,1080.0,2400.0,90.0,punch hole,1.0,50.0,16.0,2.0,1.0,1.0,1024.0,android
86.0,vivo s16 pro,35499.0,1.0,1,0,1,3.1,8.0,dimensity,8.0,256.0,4600.0,66.0,1,6.78,1080.0,2400.0,120.0,punch hole,1.0,50.0,50.0,3.0,,,,
89.0,oneplus 10 pro,60999.0,1.0,1,0,1,3.0,8.0,snapdragon,8.0,128.0,5000.0,80.0,1,6.7,1440.0,3216.0,120.0,punch hole,1.0,50.0,32.0,3.0,,,,
87.0,xiaomi redmi note 12 pro plus,32999.0,1.0,1,1,0,2.6,8.0,dimensity,12.0,256.0,4980.0,120.0,1,6.67,1080.0,2400.0,120.0,punch hole,1.0,200.0,16.0,3.0,0.0,0.0,0.0,android
78.0,samsung galaxy f23,15999.0,1.0,1,0,1,2.2,8.0,snapdragon,4.0,128.0,5000.0,25.0,1,6.6,1080.0,2408.0,120.0,water drop notch,1.0,50.0,8.0,3.0,1.0,0.0,1024.0,android
,oppo find n fold,99990.0,1.0,1,0,1,3.2,8.0,snapdragon,8.0,256.0,5000.0,67.0,1,7.1,1792.0,1920.0,120.0,punch hole,,,,2.0,,,,android
62.0,oppo a17k,9499.0,1.0,0,0,0,2.3,8.0,helio,3.0,64.0,5000.0,,0,6.56,720.0,1612.0,,water drop notch,1.0,8.0,5.0,1.0,1.0,0.0,1024.0,android
86.0,vivo v23,27994.0,1.0,1,0,0,2.5,8.0,dimensity,12.0,256.0,4200.0,44.0,1,6.44,1080.0,2400.0,90.0,small notch,1.0,64.0,50.0,3.0,1.0,0.0,,android
75.0,iqoo z6 lite,13989.0,1.0,1,0,0,2.0,8.0,snapdragon,4.0,64.0,5000.0,18.0,1,6.58,1080.0,2408.0,120.0,water drop notch,1.0,50.0,8.0,2.0,1.0,1.0,1024.0,android
85.0,oneplus 10t,44999.0,1.0,1,0,1,3.2,8.0,snapdragon,8.0,128.0,4800.0,150.0,1,6.7,1080.0,2412.0,120.0,punch hole,1.0,50.0,16.0,3.0,,,,
79.0,xiaomi redmi note 10t,13999.0,1.0,1,1,0,2.2,8.0,dimensity,6.0,128.0,5000.0,18.0,1,6.5,1080.0,2400.0,90.0,punch hole,1.0,48.0,8.0,3.0,1.0,0.0,1024.0,android
,gionee g13 pro,6190.0,1.0,0,0,0,2.0,4.0,unisoc,4.0,32.0,3500.0,,0,6.26,720.0,1600.0,,large notch,1.0,13.0,5.0,2.0,1.0,0.0,,harmonyos
83.0,apple iphone 13 pro,119900.0,1.0,1,0,1,3.22,6.0,bionic,6.0,128.0,3095.0,,1,6.1,1170.0,2532.0,120.0,large notch,1.0,12.0,12.0,3.0,0.0,0.0,0.0,ios
83.0,oppo f22 pro,27660.0,1.0,1,0,0,2.2,8.0,snapdragon,8.0,128.0,4800.0,67.0,1,6.58,1080.0,2400.0,120.0,punch hole,1.0,64.0,32.0,3.0,1.0,0.0,1024.0,android
75.0,samsung galaxy a34,24999.0,1.0,1,0,1,,8.0,exynos,6.0,128.0,5000.0,33.0,1,6.5,1080.0,2400.0,90.0,punch hole,1.0,48.0,13.0,4.0,1.0,1.0,1024.0,android
66.0,xiaomi redmi 10a,8388.0,1.0,0,0,0,2.0,8.0,helio,4.0,64.0,5000.0,,0,6.53,720.0,1600.0,,water drop notch,1.0,13.0,5.0,1.0,1.0,0.0,512.0,android
83.0,motorola moto g72,15999.0,1.0,0,0,1,2.2,8.0,helio,6.0,128.0,5000.0,33.0,1,6.55,1080.0,2400.0,120.0,punch hole,1.0,108.0,16.0,3.0,1.0,1.0,,android
82.0,samsung galaxy a14,20999.0,1.0,1,0,0,2.4,8.0,exynos,8.0,128.0,5000.0,15.0,1,6.6,1080.0,2408.0,90.0,water drop notch,1.0,50.0,13.0,3.0,1.0,0.0,1024.0,android
75.0,realme 9,13999.0,1.0,1,0,0,2.4,8.0,dimensity,4.0,64.0,5000.0,18.0,1,6.5,1080.0,2400.0,90.0,punch hole,1.0,48.0,16.0,3.0,1.0,0.0,1024.0,android
83.0,vivo t1,19990.0,1.0,1,0,0,2.2,8.0,snapdragon,8.0,128.0,5000.0,18.0,1,6.58,1080.0,2408.0,120.0,water drop notch,1.0,50.0,16.0,3.0,1.0,1.0,1024.0,android
75.0,samsung galaxy m13,13999.0,1.0,1,0,0,2.2,8.0,dimensity,6.0,128.0,5000.0,15.0,1,6.5,720.0,1600.0,90.0,water drop notch,1.0,50.0,5.0,2.0,1.0,0.0,1024.0,android
83.0,motorola edge 30,22999.0,1.0,1,0,1,2.5,8.0,snapdragon,6.0,128.0,4020.0,33.0,1,6.5,1080.0,2400.0,144.0,punch hole,1.0,50.0,32.0,3.0,,,,
79.0,samsung galaxy a23,22999.0,1.0,1,0,0,2.2,8.0,snapdragon,6.0,128.0,5000.0,25.0,1,6.6,1080.0,2408.0,120.0,water drop notch,1.0,50.0,8.0,4.0,1.0,0.0,1024.0,android
79.0,oppo k10,16999.0,1.0,1,0,0,2.4,8.0,dimensity,8.0,128.0,5000.0,33.0,1,6.56,720.0,1612.0,90.0,water drop notch,1.0,48.0,8.0,2.0,1.0,0.0,1024.0,android
80.0,xiaomi redmi note 11,14290.0,1.0,0,1,0,2.4,8.0,snapdragon,6.0,128.0,5000.0,33.0,1,6.43,1080.0,2400.0,90.0,punch hole,1.0,50.0,13.0,4.0,1.0,0.0,512.0,android
,samsung galaxy a73,41999.0,1.0,1,0,1,2.4,8.0,snapdragon,8.0,128.0,5000.0,25.0,1,6.7,1080.0,2400.0,120.0,punch hole,1.0,108.0,32.0,4.0,1.0,1.0,1024.0,android
69.0,vivo y21,13489.0,1.0,0,0,0,2.3,8.0,helio,4.0,64.0,5000.0,18.0,1,6.51,720.0,1600.0,,water drop notch,1.0,13.0,8.0,2.0,1.0,0.0,1024.0,android
83.0,oneplus ace racing edition,22990.0,1.0,1,0,1,2.85,8.0,dimensity,8.0,128.0,5000.0,,1,6.59,1080.0,2412.0,120.0,punch hole,1.0,64.0,16.0,3.0,,,,
84.0,motorola moto g62,16499.0,1.0,1,0,0,2.2,8.0,snapdragon,8.0,128.0,5000.0,,1,6.55,1080.0,2400.0,120.0,punch hole,1.0,50.0,16.0,3.0,1.0,1.0,1024.0,android
,vivo x90 pro plus,73999.0,1.0,1,1,1,3.2,8.0,snapdragon,12.0,256.0,4700.0,80.0,1,6.78,1440.0,3200.0,120.0,punch hole,1.0,50.3,32.0,4.0,,,,
67.0,realme c33,9999.0,1.0,0,0,0,1.8,8.0,unisoc,4.0,64.0,5000.0,,0,6.5,720.0,1600.0,,water drop notch,1.0,50.0,5.0,2.0,1.0,0.0,1024.0,android
75.0,realme 9i,12499.0,1.0,0,0,0,2.4,8.0,snapdragon,4.0,64.0,5000.0,33.0,1,6.6,1080.0,2412.0,90.0,punch hole,1.0,50.0,16.0,3.0,1.0,0.0,1024.0,android
72.0,oppo a17,12499.0,1.0,0,0,0,2.3,8.0,helio,4.0,64.0,5000.0,,1,6.56,720.0,1612.0,,water drop notch,1.0,50.0,5.0,2.0,1.0,0.0,1024.0,android
88.0,iqoo 11,59999.0,1.0,1,0,1,3.2,8.0,snapdragon,8.0,256.0,5000.0,120.0,1,6.78,1440.0,3200.0,144.0,punch hole,1.0,50.0,16.0,3.0,,,,
,vivo x fold,106990.0,1.0,1,0,1,3.0,8.0,snapdragon,12.0,256.0,4600.0,66.0,1,8.03,1916.0,2160.0,120.0,,,,,,,,,android
78.0,vivo t1,15990.0,1.0,1,0,0,2.2,8.0,snapdragon,4.0,128.0,5000.0,18.0,1,6.58,1080.0,2408.0,120.0,water drop notch,1.0,50.0,16.0,3.0,1.0,1.0,1024.0,android
75.0,apple iphone 14 pro,119990.0,1.0,1,0,1,,6.0,bionic,6.0,128.0,3200.0,,1,6.1,1179.0,2556.0,120.0,,1.0,48.0,12.0,3.0,0.0,0.0,0.0,ios
83.0,xiaomi redmi note 11 pro max,19999.0,1.0,1,1,0,2.4,8.0,snapdragon,6.0,128.0,5200.0,33.0,1,6.67,1080.0,2400.0,120.0,punch hole,1.0,108.0,32.0,4.0,1.0,0.0,512.0,android
83.0,motorola moto s30 pro,23990.0,1.0,1,0,0,2.9,8.0,snapdragon,8.0,128.0,4400.0,68.0,1,6.55,1080.0,2460.0,144.0,punch hole,1.0,50.0,32.0,3.0,,,,
80.0,realme 10s,12999.0,1.0,1,0,0,2.4,8.0,dimensity,8.0,128.0,5000.0,33.0,1,6.6,1080.0,2408.0,90.0,punch hole,1.0,50.0,8.0,2.0,1.0,0.0,1024.0,android
82.0,oppo f19 pro plus,19990.0,1.0,1,0,0,2.4,8.0,dimensity,8.0,128.0,4310.0,50.0,1,6.43,1080.0,2400.0,,punch hole,1.0,48.0,16.0,4.0,1.0,0.0,256.0,android
,xiaomi 13 pro,58990.0,1.0,1,1,1,3.2,8.0,snapdragon,8.0,128.0,4820.0,120.0,1,6.73,1440.0,3200.0,120.0,punch hole,1.0,50.3,32.0,3.0,0.0,0.0,0.0,android
87.0,vivo v27 pro,43999.0,1.0,1,0,0,3.2,8.0,dimensity,12.0,256.0,5000.0,120.0,1,6.73,1080.0,2400.0,144.0,punch hole,1.0,108.0,32.0,3.0,,,,
86.0,samsung galaxy s22,49999.0,1.0,1,0,1,3.0,8.0,snapdragon,8.0,128.0,3700.0,25.0,1,6.1,1080.0,2340.0,120.0,punch hole,1.0,50.0,10.0,3.0,,,,
79.0,vivo t1 44w,15999.0,1.0,0,0,0,2.4,8.0,snapdragon,6.0,128.0,5000.0,44.0,1,6.44,1080.0,2408.0,,water drop notch,1.0,50.0,16.0,3.0,1.0,1.0,1024.0,android
87.0,oneplus 10r,36999.0,1.0,1,0,1,2.85,8.0,dimensity,12.0,256.0,5000.0,80.0,1,6.7,1080.0,2412.0,120.0,punch hole,1.0,50.0,16.0,3.0,,,,
85.0,tecno phantom x2,39999.0,1.0,1,0,1,3.05,8.0,dimensity,8.0,256.0,5160.0,45.0,1,6.8,1080.0,2400.0,120.0,punch hole,1.0,64.0,32.0,3.0,,,,
74.0,apple iphone 12,51999.0,1.0,1,0,1,3.1,6.0,bionic,4.0,64.0,,,0,,,,,,,,,,,,,
82.0,xiaomi redmi k50i,22999.0,1.0,1,1,0,2.85,8.0,dimensity,6.0,128.0,5080.0,67.0,1,6.6,1080.0,2460.0,144.0,punch hole,1.0,64.0,16.0,3.0,,,,
87.0,samsung galaxy a53,31999.0,1.0,1,0,1,2.4,8.0,exynos,6.0,128.0,5000.0,25.0,1,6.5,1080.0,2400.0,120.0,punch hole,1.0,64.0,32.0,4.0,1.0,0.0,1024.0,android
,xiaomi redmi a1,6171.0,1.0,0,0,0,2.0,4.0,helio,2.0,32.0,5000.0,10.0,1,6.52,720.0,1600.0,,water drop notch,1.0,8.0,5.0,2.0,1.0,0.0,512.0,android
83.0,oppo reno8,29340.0,1.0,1,0,1,3.0,8.0,dimensity,8.0,128.0,4500.0,80.0,1,6.43,1080.0,2400.0,90.0,punch hole,1.0,50.0,32.0,3.0,,,,
87.0,samsung galaxy m53,25289.0,1.0,1,0,0,2.4,8.0,dimensity,8.0,128.0,5000.0,25.0,1,6.7,1080.0,2400.0,120.0,punch hole,1.0,108.0,32.0,4.0,1.0,1.0,1024.0,android
78.0,iqoo z6 pro,21788.0,1.0,1,0,0,2.4,8.0,snapdragon,6.0,128.0,4700.0,66.0,1,6.44,1080.0,2404.0,90.0,water drop notch,1.0,64.0,16.0,3.0,0.0,0.0,0.0,android
83.0,tesla pi phone,69999.0,1.0,1,0,1,,8.0,,16.0,512.0,5000.0,120.0,1,6.73,1080.0,2448.0,165.0,,1.0,50.0,32.0,3.0,0.0,0.0,0.0,android
88.0,samsung galaxy s23,70990.0,1.0,1,0,1,3.2,8.0,snapdragon,8.0,128.0,3900.0,25.0,1,6.1,1080.0,2340.0,120.0,punch hole,1.0,50.0,12.0,3.0,,,,
89.0,motorola edge 30 pro,34999.0,1.0,1,0,1,3.0,8.0,snapdragon,8.0,128.0,4800.0,68.0,1,6.7,1080.0,2400.0,144.0,punch hole,1.0,50.0,60.0,3.0,,,,
85.0,oneplus nord 2t,33900.0,1.0,1,0,1,3.0,8.0,dimensity,12.0,256.0,4500.0,80.0,1,6.43,1080.0,2400.0,90.0,punch hole,1.0,50.0,32.0,3.0,,,,
71.0,google pixel 6a,29999.0,1.0,1,0,1,,8.0,google,6.0,128.0,4410.0,,1,6.14,1080.0,2400.0,,punch hole,1.0,12.2,8.0,2.0,0.0,0.0,0.0,android
84.0,infinix note 12 pro,18999.0,1.0,1,0,0,2.4,8.0,dimensity,8.0,128.0,5000.0,33.0,1,6.7,1080.0,2400.0,,punch hole,1.0,108.0,16.0,3.0,1.0,0.0,2048.0,android
84.0,samsung galaxy m33,19499.0,1.0,1,0,1,2.4,8.0,exynos,8.0,128.0,6000.0,25.0,1,6.6,1080.0,2400.0,120.0,water drop notch,1.0,50.0,8.0,4.0,1.0,0.0,1024.0,android
83.0,vivo v23,24994.0,1.0,1,0,0,2.5,8.0,dimensity,8.0,128.0,4200.0,44.0,1,6.44,1080.0,2400.0,90.0,small notch,1.0,64.0,50.0,3.0,0.0,0.0,0.0,android
78.0,motorola moto g42,10999.0,1.0,0,0,1,2.4,8.0,snapdragon,4.0,64.0,5000.0,20.0,1,6.47,1080.0,2400.0,,punch hole,1.0,50.0,16.0,3.0,1.0,0.0,1024.0,android
85.0,oneplus nord ce 2 lite,24999.0,1.0,1,0,0,2.2,8.0,snapdragon,8.0,256.0,5000.0,33.0,1,6.59,1080.0,2412.0,120.0,punch hole,1.0,64.0,16.0,3.0,1.0,1.0,1024.0,android
82.0,samsung galaxy a33,25999.0,1.0,1,0,1,2.4,8.0,exynos,6.0,128.0,5000.0,25.0,1,6.4,1080.0,2400.0,90.0,punch hole,1.0,48.0,13.0,4.0,1.0,1.0,1024.0,android
69.0,google pixel 7a,34990.0,1.0,1,0,1,,8.0,google,6.0,128.0,4410.0,,1,6.1,1080.0,2400.0,90.0,punch hole,1.0,12.2,8.0,2.0,0.0,0.0,0.0,android
74.0,xiaomi redmi 11 prime,13466.0,1.0,1,1,0,2.2,8.0,dimensity,4.0,64.0,5000.0,18.0,1,6.58,1080.0,2408.0,90.0,water drop notch,1.0,50.0,5.0,2.0,1.0,0.0,512.0,android
76.0,xiaomi redmi note 10 lite,9999.0,1.0,0,1,0,2.3,8.0,snapdragon,4.0,64.0,5020.0,18.0,1,6.67,1080.0,2400.0,,punch hole,1.0,48.0,16.0,4.0,1.0,0.0,512.0,android
71.0,motorola moto e40,7999.0,1.0,0,0,0,1.8,8.0,unisoc,4.0,64.0,5000.0,,0,6.5,720.0,1600.0,90.0,punch hole,1.0,48.0,8.0,3.0,1.0,0.0,1024.0,android
86.0,nothing phone 1,28249.0,1.0,1,0,1,2.5,8.0,snapdragon,8.0,256.0,4500.0,33.0,1,6.55,1080.0,2400.0,120.0,punch hole,1.0,50.0,16.0,2.0,,,,
82.0,poco x4 pro,16499.0,1.0,1,1,0,2.2,8.0,snapdragon,6.0,128.0,5000.0,67.0,1,6.67,1080.0,2400.0,120.0,punch hole,1.0,64.0,16.0,3.0,1.0,1.0,1024.0,android
87.0,xiaomi redmi note 11 pro plus,22999.0,1.0,1,1,0,2.2,8.0,snapdragon,8.0,256.0,5000.0,67.0,1,6.67,1080.0,2400.0,120.0,punch hole,1.0,108.0,16.0,3.0,1.0,1.0,1024.0,android
75.0,apple iphone 11,46999.0,1.0,0,0,1,2.65,6.0,bionic,4.0,128.0,3110.0,,0,6.1,828.0,1792.0,,large notch,1.0,12.0,12.0,2.0,0.0,0.0,0.0,ios
74.0,realme c35,13999.0,1.0,0,0,0,1.8,8.0,unisoc,6.0,128.0,5000.0,18.0,1,6.6,1080.0,2408.0,90.0,water drop notch,1.0,50.0,8.0,3.0,1.0,0.0,1024.0,android
78.0,oppo k10,13490.0,1.0,0,0,0,2.4,8.0,snapdragon,6.0,128.0,5000.0,33.0,1,6.59,1080.0,2412.0,90.0,punch hole,1.0,50.0,16.0,3.0,1.0,0.0,1024.0,android
82.0,iqoo neo 6,28999.0,1.0,1,1,0,3.2,8.0,snapdragon,8.0,128.0,4700.0,80.0,1,6.62,1080.0,2400.0,120.0,punch hole,1.0,64.0,16.0,3.0,,,,
78.0,iqoo z6,15499.0,1.0,1,0,0,2.2,8.0,snapdragon,4.0,128.0,5000.0,18.0,1,6.58,1080.0,2408.0,120.0,water drop notch,1.0,50.0,16.0,3.0,1.0,1.0,1024.0,android
86.0,oppo reno 9 pro,39999.0,1.0,1,0,1,2.85,8.0,dimensity,16.0,256.0,4500.0,67.0,1,6.7,1080.0,2412.0,120.0,punch hole,1.0,50.0,32.0,2.0,,,,
76.0,poco m4 pro,12999.0,1.0,1,1,0,2.4,8.0,dimensity,4.0,64.0,5000.0,33.0,1,6.6,1080.0,2400.0,90.0,punch hole,1.0,50.0,16.0,2.0,1.0,1.0,1024.0,android
,jio phone 3,4499.0,1.0,0,0,0,1.4,4.0,,2.0,64.0,2800.0,,0,5.0,720.0,1280.0,,,1.0,5.0,2.0,1.0,1.0,0.0,128.0,android
69.0,oneplus clover,14999.0,1.0,0,0,0,1.8,8.0,snapdragon,4.0,64.0,6000.0,18.0,1,6.52,720.0,1560.0,,punch hole,1.0,13.0,8.0,3.0,1.0,0.0,,android
68.0,samsung galaxy f04,8499.0,1.0,0,0,0,2.3,8.0,helio,4.0,64.0,5000.0,15.0,1,6.5,720.0,1600.0,,water drop notch,1.0,13.0,5.0,2.0,1.0,0.0,1024.0,android
83.0,iqoo 7,24990.0,1.0,1,0,1,3.2,8.0,snapdragon,8.0,128.0,4400.0,66.0,1,6.62,1080.0,2400.0,120.0,punch hole,1.0,48.0,16.0,3.0,,,,
84.0,samsung galaxy m34,16999.0,1.0,1,0,1,2.4,8.0,exynos,6.0,128.0,6000.0,25.0,1,6.5,1080.0,2400.0,120.0,punch hole,1.0,64.0,32.0,4.0,1.0,1.0,,android
71.0,xiaomi redmi 10,9589.0,1.0,0,0,0,2.4,8.0,snapdragon,4.0,64.0,6000.0,18.0,1,6.7,720.0,1600.0,,water drop notch,1.0,50.0,5.0,2.0,1.0,0.0,512.0,android
74.0,apple iphone 12 mini,40999.0,1.0,1,0,1,3.1,6.0,bionic,4.0,64.0,,,0,,,,,,,,,,,,,
79.0,xiaomi redmi note 12,19988.0,1.0,1,1,0,2.0,8.0,snapdragon,6.0,128.0,5000.0,33.0,1,6.67,1080.0,2400.0,120.0,punch hole,1.0,48.0,13.0,3.0,1.0,1.0,1024.0,android
75.0,motorola moto g52,11999.0,1.0,0,0,1,2.4,8.0,snapdragon,4.0,64.0,5000.0,33.0,1,6.6,2460.0,1080.0,90.0,punch hole,1.0,50.0,16.0,3.0,1.0,1.0,,android
79.0,apple iphone 15 pro max,142990.0,1.0,1,0,1,,,bionic,8.0,256.0,4352.0,25.0,1,6.68,1284.0,2778.0,120.0,punch hole,1.0,50.0,12.0,3.0,0.0,0.0,0.0,ios
87.0,oppo a98,30990.0,1.0,1,0,1,3.0,8.0,snapdragon,8.0,128.0,5000.0,67.0,1,6.7,1080.0,2412.0,120.0,water drop notch,1.0,108.0,16.0,2.0,1.0,0.0,1024.0,android
85.0,infinix zero,19499.0,1.0,1,0,0,2.6,8.0,dimensity,8.0,256.0,5000.0,33.0,1,6.78,1080.0,2460.0,120.0,punch hole,1.0,50.0,16.0,3.0,1.0,0.0,256.0,android
,nokia 2780 flip,4990.0,1.0,0,0,0,1.3,4.0,snapdragon,4.0,0.5,1450.0,,0,2.7,240.0,320.0,,,,,,2.0,,,,
,realme c30,5299.0,1.0,0,0,0,1.82,8.0,unisoc,2.0,32.0,5000.0,,0,6.5,720.0,1600.0,,water drop notch,1.0,8.0,5.0,1.0,1.0,0.0,1024.0,android
82.0,oppo f21 pro,25969.0,1.0,1,0,0,2.2,8.0,snapdragon,8.0,128.0,4500.0,33.0,1,6.43,1080.0,2400.0,,punch hole,1.0,64.0,16.0,3.0,1.0,0.0,1024.0,android
82.0,realme 11 pro,28999.0,1.0,1,0,0,3.0,8.0,snapdragon,6.0,128.0,5000.0,65.0,1,6.4,1080.0,2400.0,120.0,punch hole,1.0,64.0,32.0,3.0,1.0,0.0,256.0,android
,oppo find n2,94990.0,1.0,1,0,1,3.2,8.0,snapdragon,12.0,256.0,4520.0,67.0,1,7.1,1792.0,1920.0,120.0,punch hole,,,,2.0,,,,
81.0,realme 9,14999.0,1.0,0,0,0,2.4,8.0,snapdragon,6.0,128.0,5000.0,33.0,1,6.4,1080.0,2400.0,90.0,punch hole,1.0,108.0,16.0,3.0,1.0,0.0,256.0,android
74.0,cola phone,14999.0,1.0,0,0,0,2.2,8.0,helio,4.0,64.0,5000.0,33.0,1,6.4,1080.0,2400.0,90.0,punch hole,1.0,50.0,16.0,2.0,1.0,0.0,1024.0,android
84.0,apple iphone 13 pro max,129900.0,1.0,1,0,1,3.22,6.0,bionic,6.0,128.0,4352.0,,1,6.7,1284.0,2778.0,120.0,small notch,1.0,12.0,12.0,3.0,0.0,0.0,0.0,ios
88.0,oppo reno 10 pro plus,58990.0,1.0,1,0,1,3.2,8.0,snapdragon,12.0,256.0,4700.0,80.0,1,6.73,1080.0,2412.0,120.0,punch hole,1.0,64.0,32.0,4.0,,,,
88.0,vivo x90,41990.0,1.0,1,1,1,3.05,8.0,dimensity,8.0,128.0,4810.0,120.0,1,6.78,1260.0,2800.0,120.0,punch hole,1.0,50.0,32.0,3.0,0.0,0.0,0.0,android
74.0,samsung galaxy f13,10999.0,1.0,0,0,1,2.0,8.0,exynos,4.0,64.0,6000.0,15.0,1,6.6,2408.0,1080.0,,water drop notch,1.0,50.0,8.0,3.0,1.0,0.0,1024.0,android
79.0,xiaomi redmi note 10s,11999.0,1.0,0,1,0,2.05,8.0,helio,6.0,128.0,5000.0,33.0,1,6.43,1080.0,2400.0,,punch hole,1.0,64.0,13.0,4.0,1.0,0.0,512.0,android
79.0,realme 10,16999.0,1.0,0,0,0,2.2,8.0,helio,8.0,128.0,5000.0,33.0,1,6.4,1080.0,2400.0,90.0,punch hole,1.0,50.0,16.0,2.0,1.0,0.0,1024.0,android
83.0,iqoo 9 se,30990.0,1.0,1,0,1,2.84,8.0,snapdragon,8.0,128.0,4500.0,66.0,1,6.62,1080.0,2400.0,120.0,punch hole,1.0,48.0,16.0,3.0,,,,
75.0,infinix hot 20,17999.0,1.0,1,0,0,2.4,8.0,dimensity,4.0,64.0,5000.0,18.0,1,6.6,1080.0,2408.0,120.0,water drop notch,1.0,50.0,8.0,2.0,1.0,0.0,1024.0,android
,letv y1 pro,5499.0,1.0,0,0,0,2.0,4.0,unisoc,4.0,32.0,4000.0,,0,6.54,720.0,1560.0,,small notch,1.0,8.0,5.0,2.0,,,,
83.0,xiaomi redmi note 13 pro max,20499.0,1.0,1,1,0,2.36,8.0,snapdragon,6.0,128.0,5200.0,67.0,1,6.67,1080.0,2460.0,120.0,punch hole,1.0,108.0,32.0,4.0,1.0,0.0,512.0,android
81.0,realme narzo 50 pro,20490.0,1.0,1,0,0,2.5,8.0,dimensity,6.0,128.0,5000.0,33.0,1,6.4,1080.0,2400.0,90.0,punch hole,1.0,48.0,16.0,3.0,1.0,1.0,256.0,android
77.0,oppo a74,15490.0,1.0,1,0,0,2.0,8.0,snapdragon,6.0,128.0,5000.0,18.0,1,6.5,1080.0,2400.0,90.0,punch hole,1.0,48.0,8.0,3.0,1.0,0.0,,android
61.0,apple iphone 9,29990.0,0.0,0,0,1,2.65,6.0,bionic,3.0,64.0,2050.0,,1,4.7,750.0,1334.0,,large notch,1.0,12.0,7.0,1.0,0.0,0.0,0.0,ios
79.0,iqoo z6 lite,15499.0,1.0,1,0,0,2.0,8.0,snapdragon,6.0,128.0,5000.0,18.0,1,6.58,1080.0,2408.0,120.0,water drop notch,1.0,50.0,8.0,2.0,1.0,1.0,1024.0,android
80.0,xiaomi redmi note 11se,11999.0,1.0,0,1,0,2.05,8.0,helio,6.0,64.0,5000.0,33.0,1,6.43,1080.0,2400.0,,punch hole,1.0,64.0,13.0,4.0,1.0,0.0,512.0,android
74.0,realme narzo 50,10999.0,1.0,0,0,0,2.0,8.0,helio,4.0,64.0,5000.0,33.0,1,6.6,1080.0,2412.0,120.0,punch hole,1.0,50.0,16.0,3.0,1.0,0.0,256.0,android
82.0,vivo y75,21990.0,1.0,1,0,0,2.2,8.0,dimensity,8.0,128.0,5000.0,18.0,1,6.58,1080.0,2408.0,,water drop notch,1.0,50.0,16.0,3.0,1.0,1.0,,android
85.0,vivo v25,31999.0,1.0,1,0,0,2.0,8.0,dimensity,12.0,256.0,4500.0,44.0,1,6.44,1080.0,2408.0,90.0,water drop notch,1.0,64.0,50.0,3.0,1.0,1.0,1024.0,android
77.0,poco m4 pro,11999.0,1.0,0,1,0,2.05,8.0,helio,6.0,64.0,5000.0,33.0,1,6.43,1080.0,2400.0,90.0,punch hole,1.0,64.0,16.0,3.0,1.0,0.0,1024.0,android
89.0,infinix zero ultra,36999.0,1.0,1,0,0,2.5,8.0,dimensity,8.0,256.0,4500.0,180.0,1,6.8,1080.0,2400.0,120.0,punch hole,1.0,200.0,32.0,3.0,1.0,0.0,,android
62.0,tecno spark go,6999.0,1.0,0,0,0,2.0,4.0,helio,3.0,32.0,5000.0,10.0,1,6.56,720.0,1600.0,,water drop notch,1.0,13.0,5.0,2.0,1.0,0.0,256.0,android
89.0,motorola moto x40,39999.0,1.0,1,0,1,3.2,8.0,snapdragon,8.0,128.0,4600.0,125.0,1,6.7,1080.0,2400.0,165.0,,1.0,50.0,60.0,3.0,,,,
78.0,samsung galaxy f24,14999.0,1.0,1,0,1,2.2,8.0,snapdragon,4.0,128.0,5000.0,25.0,1,6.6,1080.0,2408.0,120.0,water drop notch,1.0,50.0,8.0,3.0,1.0,0.0,1024.0,android
79.0,realme 10,14499.0,1.0,1,0,0,2.2,8.0,dimensity,8.0,128.0,5000.0,33.0,1,6.6,1080.0,2408.0,90.0,water drop notch,1.0,50.0,8.0,3.0,1.0,0.0,1024.0,android
84.0,oneplus nord 3,27999.0,1.0,1,0,1,3.1,8.0,dimensity,8.0,128.0,4200.0,120.0,1,6.43,1080.0,2400.0,90.0,punch hole,1.0,50.0,32.0,3.0,,,,
86.0,motorola moto g82,20499.0,1.0,1,0,1,2.2,8.0,snapdragon,8.0,128.0,5000.0,30.0,1,6.6,1080.0,2400.0,120.0,punch hole,1.0,50.0,16.0,3.0,1.0,0.0,1024.0,android
60.0,ikall z19 pro,8099.0,1.0,0,0,0,1.6,4.0,,4.0,64.0,5000.0,,0,6.5,720.0,1600.0,,water drop notch,1.0,13.0,8.0,1.0,1.0,1.0,128.0,android
65.0,leeco s1 pro,10999.0,1.0,0,0,0,1.8,4.0,unisoc,8.0,128.0,5000.0,10.0,1,6.5,720.0,1600.0,,small notch,1.0,13.0,5.0,2.0,,,,
63.0,realme c2s,3499.0,1.0,0,0,0,2.0,8.0,helio,3.0,32.0,4000.0,,0,6.1,720.0,1560.0,,water drop notch,1.0,13.0,5.0,2.0,1.0,0.0,128.0,android
,duoqin f22 pro,9990.0,1.0,0,0,0,2.0,8.0,helio,4.0,64.0,2150.0,,0,3.54,640.0,960.0,,,1.0,8.0,2.0,1.0,1.0,0.0,,android
85.0,samsung galaxy m54,34999.0,1.0,1,0,0,2.84,8.0,snapdragon,6.0,128.0,6000.0,25.0,1,6.67,1080.0,2412.0,90.0,punch hole,1.0,64.0,32.0,3.0,1.0,1.0,1024.0,android
,nokia n73,46999.0,1.0,1,0,0,3.0,8.0,snapdragon,12.0,256.0,6000.0,65.0,1,6.9,1400.0,3200.0,120.0,punch hole,1.0,200.0,32.0,1.0,1.0,0.0,,android
88.0,motorola edge 30 fusion,39999.0,1.0,1,0,1,2.9,8.0,snapdragon,8.0,128.0,4400.0,68.0,1,6.55,1080.0,2400.0,144.0,punch hole,1.0,50.0,32.0,3.0,0.0,0.0,0.0,android
70.0,realme c35,11828.0,1.0,0,0,0,1.8,8.0,unisoc,4.0,64.0,5000.0,18.0,1,6.6,1080.0,2408.0,,water drop notch,1.0,50.0,8.0,3.0,1.0,0.0,1024.0,android
86.0,oppo reno 8 pro house of dragon edition,45999.0,1.0,1,0,1,2.85,8.0,dimensity,12.0,256.0,4500.0,80.0,1,6.7,1080.0,2412.0,120.0,punch hole,1.0,50.0,32.0,3.0,,,,
81.0,oneplus nord ce 3 lite,18999.0,1.0,1,0,0,2.2,8.0,snapdragon,6.0,128.0,5000.0,33.0,1,6.59,1080.0,2412.0,120.0,punch hole,1.0,50.0,16.0,3.0,1.0,1.0,1024.0,android
84.0,poco x4 pro,17999.0,1.0,1,1,0,2.2,8.0,snapdragon,8.0,128.0,5000.0,67.0,1,6.67,1080.0,2400.0,120.0,punch hole,1.0,64.0,16.0,3.0,1.0,1.0,1024.0,android
66.0,samsung galaxy m04,8499.0,1.0,0,0,0,2.3,8.0,helio,4.0,64.0,5000.0,15.0,1,6.5,720.0,1600.0,,water drop notch,1.0,13.0,5.0,2.0,1.0,0.0,1024.0,android
76.0,oppo a77s,17999.0,1.0,0,0,0,2.4,8.0,snapdragon,8.0,128.0,5000.0,33.0,1,6.56,720.0,1600.0,90.0,water drop notch,1.0,50.0,8.0,2.0,1.0,0.0,,android
75.0,samsung galaxy a13,14450.0,1.0,0,0,0,2.0,8.0,,4.0,64.0,5000.0,25.0,1,6.6,1080.0,2408.0,,water drop notch,1.0,50.0,8.0,4.0,1.0,0.0,1024.0,android
,motorola edge 30 ultra,54999.0,1.0,1,0,1,3.2,8.0,snapdragon,8.0,128.0,4610.0,125.0,1,6.67,1080.0,2400.0,144.0,punch hole,1.0,200.0,60.0,3.0,,,,
,xiaomi 13 ultra,71999.0,1.0,1,1,1,3.2,8.0,snapdragon,12.0,256.0,5000.0,120.0,1,6.6,1440.0,3200.0,120.0,punch hole,1.0,108.0,32.0,4.0,,,,
79.0,motorola moto g52,12999.0,1.0,0,0,1,2.4,8.0,snapdragon,6.0,128.0,5000.0,33.0,1,6.6,2460.0,1080.0,90.0,punch hole,1.0,50.0,16.0,3.0,1.0,1.0,,android
75.0,poco m4,11499.0,1.0,1,1,0,2.2,8.0,dimensity,4.0,64.0,5000.0,18.0,1,6.58,1080.0,2400.0,90.0,water drop notch,1.0,50.0,8.0,2.0,1.0,0.0,512.0,android
87.0,nothing phone 1,35999.0,1.0,1,0,1,2.5,8.0,snapdragon,12.0,256.0,4500.0,33.0,1,6.55,1080.0,2400.0,120.0,punch hole,1.0,50.0,16.0,2.0,,,,
76.0,samsung galaxy a54,34999.0,1.0,1,0,1,,8.0,exynos,6.0,128.0,5000.0,25.0,1,6.4,1080.0,2400.0,120.0,punch hole,1.0,50.0,32.0,3.0,1.0,0.0,1024.0,android
73.0,tecno pova 4,11999.0,1.0,0,0,0,2.2,8.0,helio,8.0,128.0,6000.0,18.0,1,6.82,720.0,1600.0,90.0,water drop notch,1.0,50.0,8.0,2.0,1.0,0.0,512.0,android
82.0,xiaomi redmi note 12 pro,27994.0,1.0,1,1,0,2.6,8.0,dimensity,8.0,256.0,5000.0,67.0,1,6.67,1080.0,2400.0,120.0,punch hole,1.0,50.0,16.0,3.0,,,,
77.0,apple iphone 14 pro max,139990.0,1.0,1,0,1,,6.0,bionic,6.0,256.0,4323.0,,1,6.7,1290.0,2796.0,120.0,,1.0,48.0,12.0,3.0,0.0,0.0,0.0,ios
86.0,vivo v25 pro,39999.0,1.0,1,0,0,3.0,8.0,dimensity,12.0,256.0,4830.0,66.0,1,6.56,1080.0,2376.0,120.0,punch hole,1.0,64.0,32.0,3.0,,,,
79.0,realme 9,15499.0,1.0,1,0,0,2.4,8.0,dimensity,6.0,128.0,5000.0,18.0,1,6.5,1080.0,2400.0,90.0,punch hole,1.0,48.0,16.0,3.0,1.0,0.0,1024.0,android
80.0,realme 9 pro,18999.0,1.0,1,0,0,2.2,8.0,snapdragon,6.0,128.0,5000.0,33.0,1,6.6,1080.0,2412.0,120.0,punch hole,1.0,64.0,16.0,3.0,1.0,0.0,256.0,android
73.0,lava blaze,10999.0,1.0,1,0,0,2.2,8.0,dimensity,4.0,128.0,5000.0,,0,6.5,1600.0,720.0,90.0,water drop notch,1.0,50.0,8.0,3.0,1.0,0.0,1024.0,android
81.0,honor x9a,27999.0,1.0,1,1,1,2.2,8.0,snapdragon,8.0,256.0,5100.0,40.0,1,6.67,1080.0,2400.0,120.0,punch hole,1.0,64.0,16.0,3.0,,,,
,google pixel 7 pro,81999.0,1.0,1,0,1,2.85,8.0,google,12.0,128.0,5000.0,30.0,1,6.7,1440.0,3120.0,120.0,punch hole,1.0,50.0,10.8,3.0,,,,
74.0,tecno pova 3,9999.0,1.0,0,0,0,2.0,8.0,helio,4.0,64.0,7000.0,33.0,1,6.95,1080.0,2460.0,90.0,punch hole,1.0,50.0,8.0,3.0,1.0,0.0,256.0,android
85.0,vivo v23 pro,31994.0,1.0,1,0,0,3.0,8.0,dimensity,8.0,128.0,4300.0,44.0,1,6.56,1080.0,2376.0,90.0,small notch,1.0,108.0,50.0,3.0,0.0,0.0,0.0,android
65.0,samsung galaxy a04e,9299.0,1.0,0,0,0,2.3,8.0,helio,3.0,32.0,5000.0,,0,6.5,720.0,1600.0,,water drop notch,1.0,13.0,5.0,2.0,1.0,0.0,1024.0,android
84.0,xiaomi redmi k60,29990.0,1.0,1,1,1,3.2,8.0,snapdragon,8.0,128.0,5500.0,67.0,1,6.67,1440.0,3200.0,120.0,punch hole,1.0,64.0,16.0,3.0,,,,
78.0,realme 9 pro plus,25900.0,1.0,1,0,0,2.5,8.0,dimensity,6.0,128.0,4500.0,60.0,1,6.4,1080.0,2400.0,90.0,punch hole,1.0,50.0,16.0,3.0,0.0,0.0,0.0,android
78.0,realme 9i,16999.0,1.0,1,0,0,2.4,8.0,dimensity,6.0,128.0,5000.0,18.0,1,6.6,1080.0,2408.0,90.0,punch hole,1.0,50.0,8.0,3.0,1.0,0.0,1024.0,android
85.0,motorola edge 30,24999.0,1.0,1,0,1,2.5,8.0,snapdragon,8.0,128.0,4020.0,33.0,1,6.5,1080.0,2400.0,144.0,punch hole,1.0,50.0,32.0,3.0,,,,
79.0,xiaomi redmi note 11,12188.0,1.0,0,1,0,2.4,8.0,snapdragon,6.0,64.0,5000.0,33.0,1,6.43,1080.0,2400.0,90.0,punch hole,1.0,50.0,13.0,4.0,1.0,0.0,512.0,android
,vivo y02,8999.0,1.0,0,0,0,,8.0,helio,3.0,32.0,5000.0,10.0,1,6.51,720.0,1600.0,,water drop notch,1.0,8.0,5.0,1.0,1.0,0.0,1024.0,android
68.0,poco c31,7499.0,1.0,0,0,0,2.3,8.0,helio,4.0,64.0,5000.0,,0,6.53,720.0,1600.0,,water drop notch,1.0,13.0,5.0,3.0,1.0,0.0,512.0,android
79.0,realme narzo 50,17999.0,1.0,1,0,0,2.4,8.0,dimensity,6.0,128.0,5000.0,33.0,1,6.6,1080.0,2400.0,90.0,punch hole,1.0,48.0,16.0,3.0,1.0,0.0,1024.0,android
79.0,realme gt neo 3t,24999.0,1.0,1,0,0,3.2,8.0,snapdragon,6.0,128.0,5000.0,80.0,1,6.62,1080.0,2400.0,120.0,punch hole,1.0,64.0,16.0,3.0,,,,
86.0,oppo reno 8 pro,45999.0,1.0,1,0,1,2.85,8.0,dimensity,12.0,256.0,4500.0,80.0,1,6.7,1080.0,2412.0,120.0,punch hole,1.0,50.0,32.0,3.0,,,,
,oneplus 10 pro,65499.0,1.0,1,0,1,3.0,8.0,snapdragon,12.0,256.0,5000.0,80.0,1,6.7,1440.0,3216.0,120.0,punch hole,1.0,50.0,32.0,3.0,,,,
89.0,iqoo 11 pro,58990.0,1.0,1,1,1,3.2,8.0,snapdragon,8.0,256.0,4700.0,200.0,1,6.78,1440.0,3200.0,144.0,punch hole,1.0,50.0,16.0,3.0,,,,
74.0,vivo t1x,11999.0,1.0,0,0,0,2.4,8.0,snapdragon,4.0,64.0,5000.0,18.0,1,6.58,1080.0,2408.0,90.0,water drop notch,1.0,50.0,8.0,2.0,1.0,0.0,,android
77.0,xiaomi redmi 10 power,11999.0,1.0,0,1,0,2.4,8.0,snapdragon,8.0,128.0,6000.0,18.0,1,6.7,720.0,1650.0,,punch hole,1.0,50.0,5.0,2.0,1.0,0.0,,android
76.0,oppo a58,18990.0,1.0,1,0,0,2.2,8.0,dimensity,6.0,128.0,5000.0,33.0,1,6.56,720.0,1612.0,90.0,water drop notch,1.0,50.0,8.0,2.0,1.0,0.0,1024.0,android
77.0,vivo t1 44w,14499.0,1.0,0,0,0,2.4,8.0,snapdragon,4.0,128.0,5000.0,44.0,1,6.44,1080.0,2408.0,,water drop notch,1.0,50.0,16.0,3.0,1.0,1.0,1024.0,android
,xiaomi mix fold 2,106990.0,1.0,1,1,1,3.2,8.0,snapdragon,12.0,256.0,4500.0,67.0,1,8.02,1914.0,2160.0,120.0,punch hole,,,,2.0,,,,android
66.0,vivo y16,10499.0,1.0,0,0,0,2.3,8.0,helio,3.0,64.0,5000.0,10.0,1,6.51,720.0,1600.0,,water drop notch,1.0,13.0,5.0,2.0,1.0,0.0,,android
86.0,oppo reno 8 z,26990.0,1.0,1,0,1,2.2,8.0,snapdragon,8.0,256.0,4500.0,33.0,1,6.43,1080.0,2400.0,,punch hole,1.0,64.0,16.0,3.0,1.0,0.0,1024.0,android
82.0,vivo y75,19990.0,1.0,0,0,0,2.05,8.0,helio,8.0,128.0,4050.0,44.0,1,6.44,1080.0,2400.0,,water drop notch,1.0,50.0,44.0,3.0,1.0,1.0,1024.0,android
89.0,xiaomi redmi note 12 explorer,24999.0,1.0,1,1,1,2.6,8.0,dimensity,8.0,256.0,4300.0,120.0,1,6.67,1080.0,2400.0,120.0,punch hole,1.0,200.0,16.0,3.0,1.0,0.0,512.0,android
69.0,oppo a57,13969.0,1.0,0,0,0,2.3,8.0,helio,4.0,64.0,5000.0,33.0,1,6.56,720.0,1612.0,,water drop notch,1.0,13.0,8.0,2.0,1.0,0.0,,android
83.0,samsung galaxy a75,44999.0,1.0,1,0,1,,8.0,snapdragon,8.0,128.0,5000.0,67.0,1,6.7,1080.0,2412.0,120.0,punch hole,1.0,108.0,32.0,4.0,1.0,1.0,1024.0,android
84.0,vivo t1 pro,24999.0,1.0,1,0,0,2.4,8.0,snapdragon,8.0,128.0,4700.0,66.0,1,6.44,1080.0,2404.0,90.0,water drop notch,1.0,64.0,16.0,3.0,1.0,1.0,1024.0,android
86.0,google pixel 7,53100.0,1.0,1,0,1,2.85,8.0,google,8.0,128.0,4355.0,30.0,1,6.3,1080.0,2400.0,90.0,punch hole,1.0,50.0,10.8,2.0,,,,
81.0,xiaomi redmi note 11t,16999.0,1.0,1,1,0,2.4,8.0,dimensity,6.0,128.0,5000.0,33.0,1,6.6,1080.0,2400.0,90.0,punch hole,1.0,50.0,16.0,2.0,1.0,1.0,1024.0,android
82.0,oppo f21s pro,21899.0,1.0,0,0,0,2.4,8.0,snapdragon,8.0,128.0,4500.0,33.0,1,6.43,1080.0,2400.0,90.0,punch hole,1.0,64.0,32.0,3.0,1.0,0.0,512.0,android
82.0,apple iphone 14,75999.0,1.0,1,0,1,3.22,6.0,bionic,6.0,256.0,3279.0,,1,6.1,1170.0,2532.0,,small notch,1.0,12.0,12.0,2.0,0.0,0.0,0.0,ios
85.0,motorola moto g73,25999.0,1.0,1,0,1,2.2,8.0,dimensity,8.0,256.0,5000.0,30.0,1,6.5,1080.0,2400.0,120.0,punch hole,1.0,50.0,16.0,2.0,1.0,1.0,,android
84.0,nubia red magic 8 pro,46990.0,1.0,1,0,1,3.2,8.0,snapdragon,8.0,128.0,6000.0,80.0,1,6.8,1116.0,2480.0,120.0,,1.0,50.0,16.0,3.0,,,,
75.0,motorola moto g31,9999.0,1.0,0,0,0,2.0,8.0,helio,4.0,64.0,5000.0,20.0,1,6.47,1080.0,2400.0,,punch hole,1.0,50.0,13.0,3.0,1.0,1.0,1024.0,android
89.0,tecno phantom x2 pro,49999.0,1.0,1,0,1,3.05,8.0,dimensity,12.0,256.0,5160.0,45.0,1,6.8,1080.0,2400.0,120.0,punch hole,1.0,50.0,32.0,3.0,,,,
87.0,infinix zero 20,17999.0,1.0,0,0,1,2.2,8.0,helio,8.0,128.0,4500.0,45.0,1,6.7,1080.0,2400.0,90.0,water drop notch,1.0,108.0,60.0,3.0,1.0,0.0,2048.0,android
80.0,iqoo z6,16940.0,1.0,1,0,0,2.2,8.0,snapdragon,6.0,128.0,5000.0,18.0,1,6.58,1080.0,2408.0,120.0,water drop notch,1.0,50.0,16.0,3.0,1.0,1.0,1024.0,android
81.0,xiaomi redmi note 11 pro,17990.0,1.0,1,1,0,2.2,8.0,snapdragon,6.0,64.0,5000.0,67.0,1,6.67,1080.0,2400.0,120.0,punch hole,1.0,108.0,16.0,3.0,1.0,1.0,,android
84.0,oppo a1 pro,20990.0,1.0,1,0,1,2.2,8.0,snapdragon,8.0,128.0,4800.0,67.0,1,6.7,1080.0,2412.0,120.0,punch hole,1.0,108.0,16.0,2.0,1.0,0.0,1024.0,android
79.0,samsung galaxy s22 fe,51999.0,1.0,1,0,1,,8.0,exynos,8.0,128.0,4200.0,33.0,1,6.4,1080.0,2400.0,120.0,punch hole,1.0,12.0,32.0,3.0,0.0,0.0,0.0,android
87.0,samsung galaxy s22 plus,64449.0,1.0,1,0,1,3.0,8.0,snapdragon,8.0,128.0,4500.0,45.0,1,6.6,1080.0,2340.0,120.0,punch hole,1.0,50.0,10.0,3.0,,,,
71.0,vivo u3x,8990.0,1.0,1,0,0,2.0,8.0,snapdragon,6.0,64.0,5000.0,18.0,1,6.58,1080.0,2408.0,90.0,water drop notch,1.0,13.0,8.0,2.0,,,,
77.0,motorola moto g23,19999.0,1.0,0,0,1,2.0,8.0,helio,4.0,128.0,5000.0,30.0,1,6.5,720.0,1600.0,90.0,punch hole,1.0,50.0,16.0,3.0,1.0,0.0,512.0,android
79.0,poco m4,13499.0,1.0,1,1,0,2.2,8.0,dimensity,6.0,128.0,5000.0,18.0,1,6.58,1080.0,2400.0,90.0,water drop notch,1.0,50.0,8.0,2.0,1.0,0.0,512.0,android
78.0,tecno pova,15499.0,1.0,1,0,0,2.4,8.0,dimensity,8.0,128.0,6000.0,18.0,1,6.9,1080.0,2460.0,120.0,punch hole,1.0,50.0,16.0,3.0,1.0,0.0,512.0,android
65.0,poco c31,6499.0,1.0,0,0,0,2.3,8.0,helio,3.0,32.0,5000.0,,0,6.53,720.0,1600.0,,water drop notch,1.0,13.0,5.0,3.0,1.0,0.0,512.0,android
60.0,apple iphone xr2,71999.0,1.0,0,0,1,,,bionic,4.0,64.0,3060.0,,1,6.1,828.0,1792.0,,,1.0,12.0,7.0,2.0,0.0,0.0,0.0,ios
89.0,samsung galaxy a53,36499.0,1.0,1,0,1,2.4,8.0,exynos,8.0,256.0,5000.0,25.0,1,6.5,1080.0,2400.0,120.0,punch hole,1.0,64.0,32.0,4.0,1.0,0.0,1024.0,android
78.0,infinix note 12,15999.0,1.0,1,0,0,2.4,8.0,dimensity,6.0,64.0,5000.0,33.0,1,6.7,1080.0,2400.0,,water drop notch,1.0,50.0,16.0,3.0,1.0,0.0,2048.0,android
87.0,oppo reno7 pro,31994.0,1.0,1,0,1,3.0,8.0,dimensity,12.0,256.0,4500.0,65.0,1,6.55,1080.0,2400.0,90.0,punch hole,1.0,50.0,32.0,3.0,1.0,0.0,,android
84.0,oneplus ace 2,34999.0,1.0,1,0,1,3.2,8.0,snapdragon,8.0,128.0,5000.0,100.0,1,6.7,1080.0,2412.0,120.0,punch hole,1.0,50.0,16.0,3.0,,,,
81.0,redmi note 11 pro,18999.0,1.0,0,1,0,2.3,8.0,snapdragon,6.0,128.0,5000.0,67.0,1,6.67,1080.0,2400.0,120.0,punch hole,1.0,108.0,16.0,4.0,1.0,1.0,1024.0,android
88.0,nothing phone 2,39990.0,1.0,1,0,1,3.2,8.0,snapdragon,8.0,128.0,4700.0,66.0,1,6.67,1080.0,2400.0,120.0,punch hole,1.0,50.0,32.0,3.0,,,,
82.0,samsung galaxy a32,16499.0,1.0,0,0,0,2.0,8.0,helio,8.0,128.0,5000.0,15.0,1,6.4,1080.0,2400.0,90.0,water drop notch,1.0,64.0,20.0,4.0,1.0,0.0,1024.0,android
,nokia 2720 v flip,6199.0,1.0,0,0,0,1.1,2.0,snapdragon,0.5,4.0,1500.0,,0,2.8,240.0,320.0,,,,,,2.0,,,,
89.0,google pixel 6 pro,54300.0,1.0,1,0,1,2.8,8.0,google,12.0,128.0,5003.0,30.0,1,6.71,1440.0,3120.0,120.0,punch hole,1.0,50.0,11.1,3.0,,,,
73.0,infinix note 12i,9999.0,1.0,0,0,0,2.0,8.0,helio,4.0,64.0,5000.0,33.0,1,6.7,1080.0,2400.0,,water drop notch,1.0,50.0,8.0,3.0,1.0,0.0,512.0,android
77.0,xiaomi redmi 11 prime,15990.0,1.0,1,1,0,2.2,8.0,dimensity,6.0,128.0,5000.0,18.0,1,6.58,1080.0,2408.0,90.0,water drop notch,1.0,50.0,5.0,2.0,1.0,0.0,512.0,android
86.0,xiaomi redmi note 11 pro plus,22700.0,1.0,1,1,0,2.2,8.0,snapdragon,8.0,128.0,5000.0,67.0,1,6.67,1080.0,2400.0,120.0,punch hole,1.0,108.0,16.0,3.0,1.0,1.0,1024.0,android
89.0,xiaomi 12 pro,50990.0,1.0,1,1,1,3.0,8.0,snapdragon,8.0,256.0,4600.0,120.0,1,6.73,1440.0,3200.0,120.0,punch hole,1.0,50.0,32.0,3.0,,,,
79.0,apple iphone 13 mini,64900.0,1.0,1,0,1,3.22,6.0,bionic,4.0,128.0,2438.0,,1,5.4,1080.0,2340.0,,large notch,1.0,12.0,12.0,2.0,0.0,0.0,0.0,ios
77.0,tecno pova 3,13799.0,1.0,0,0,0,2.0,8.0,helio,6.0,128.0,7000.0,33.0,1,6.9,1080.0,2460.0,90.0,punch hole,1.0,50.0,8.0,3.0,1.0,0.0,256.0,android
65.0,realme c31,8999.0,1.0,0,0,0,1.82,8.0,unisoc,4.0,64.0,5000.0,,0,6.52,720.0,1600.0,,water drop notch,1.0,13.0,5.0,3.0,1.0,0.0,1024.0,android
88.0,asus rog phone 6 pro,89999.0,1.0,1,0,1,3.2,8.0,snapdragon,18.0,512.0,6000.0,65.0,1,6.78,1080.0,2448.0,165.0,,1.0,50.0,12.0,3.0,0.0,0.0,0.0,android
84.0,vivo v23e,21994.0,1.0,1,0,0,2.4,8.0,dimensity,8.0,128.0,4050.0,44.0,1,6.44,1080.0,2400.0,,water drop notch,1.0,50.0,44.0,3.0,1.0,1.0,,android
70.0,apple iphone 14 mini,69990.0,1.0,0,0,1,,,bionic,6.0,128.0,3500.0,,1,5.42,1080.0,2340.0,,punch hole,1.0,12.0,12.0,2.0,0.0,0.0,0.0,ios
75.0,xiaomi redmi note 10t,12999.0,1.0,1,1,0,2.2,8.0,dimensity,4.0,64.0,5000.0,18.0,1,6.5,1080.0,2400.0,90.0,punch hole,1.0,48.0,8.0,3.0,1.0,0.0,1024.0,android
83.0,iqoo neo 7 se,24990.0,1.0,1,0,1,3.1,8.0,dimensity,8.0,128.0,5000.0,120.0,1,6.78,1080.0,2400.0,120.0,punch hole,1.0,64.0,16.0,3.0,0.0,0.0,0.0,android
82.0,samsung galaxy a23,19990.0,1.0,0,0,0,2.4,8.0,snapdragon,8.0,128.0,5000.0,25.0,1,6.6,1080.0,2408.0,,water drop notch,1.0,50.0,8.0,4.0,1.0,0.0,1024.0,android
82.0,xiaomi redmi note 12 pro,26999.0,1.0,1,1,0,2.6,8.0,dimensity,8.0,128.0,5000.0,67.0,1,6.67,1080.0,2400.0,120.0,punch hole,1.0,50.0,16.0,3.0,,,,
81.0,xiaomi redmi note 12 turbo,19999.0,1.0,1,1,1,2.4,8.0,snapdragon,8.0,128.0,5000.0,67.0,1,6.67,1080.0,2400.0,120.0,punch hole,1.0,50.0,16.0,3.0,0.0,0.0,0.0,android
83.0,infinix note 12 pro,16900.0,1.0,0,0,0,2.2,8.0,helio,8.0,256.0,5000.0,33.0,1,6.7,1080.0,2400.0,,water drop notch,1.0,108.0,16.0,3.0,1.0,0.0,2048.0,android
78.0,infinix hot 20,19999.0,1.0,1,0,0,2.4,8.0,dimensity,6.0,128.0,5000.0,18.0,1,6.6,1080.0,2408.0,120.0,water drop notch,1.0,50.0,8.0,2.0,1.0,0.0,1024.0,android
78.0,apple iphone 14 pro max,182999.0,1.0,1,0,1,,6.0,bionic,6.0,1024.0,4323.0,,1,6.7,1290.0,2796.0,120.0,,1.0,48.0,12.0,3.0,0.0,0.0,0.0,ios
75.0,samsung galaxy m13,12999.0,1.0,0,0,0,2.0,8.0,exynos,6.0,128.0,6000.0,15.0,1,6.6,1080.0,2400.0,,water drop notch,1.0,50.0,8.0,3.0,1.0,0.0,1024.0,android
82.0,poco m4 pro,15999.0,1.0,1,1,0,2.4,8.0,dimensity,8.0,128.0,5000.0,33.0,1,6.6,1080.0,2400.0,90.0,punch hole,1.0,50.0,16.0,2.0,1.0,1.0,1024.0,android
82.0,xiaomi redmi note 10s,13999.0,1.0,0,1,0,2.05,8.0,helio,8.0,128.0,5000.0,33.0,1,6.43,1080.0,2400.0,,punch hole,1.0,64.0,13.0,4.0,1.0,0.0,512.0,android
61.0,realme c11,7749.0,1.0,0,0,0,1.6,8.0,unisoc,4.0,64.0,5000.0,,0,6.52,720.0,1600.0,,water drop notch,1.0,8.0,5.0,1.0,1.0,0.0,,android
81.0,samsung galaxy a23,24999.0,1.0,1,0,0,2.2,8.0,snapdragon,8.0,128.0,5000.0,25.0,1,6.6,1080.0,2408.0,120.0,water drop notch,1.0,50.0,8.0,4.0,1.0,0.0,1024.0,android
,motorola edge 30 ultra,59999.0,1.0,1,0,1,3.2,8.0,snapdragon,12.0,256.0,4610.0,125.0,1,6.67,1080.0,2400.0,144.0,punch hole,1.0,200.0,60.0,3.0,,,,
82.0,oppo f21s pro,25895.0,1.0,1,0,0,2.2,8.0,snapdragon,8.0,128.0,4500.0,33.0,1,6.43,1080.0,2400.0,,punch hole,1.0,64.0,16.0,3.0,1.0,0.0,512.0,android
89.0,xiaomi 13,46990.0,1.0,1,1,1,3.2,8.0,snapdragon,8.0,128.0,4500.0,67.0,1,6.36,1080.0,2400.0,120.0,punch hole,1.0,50.0,32.0,3.0,,,,
64.0,xiaomi redmi 10a,7499.0,1.0,0,0,0,2.0,8.0,helio,3.0,32.0,5000.0,,0,6.53,720.0,1600.0,,water drop notch,1.0,13.0,5.0,1.0,1.0,0.0,512.0,android
60.0,vivo y01a,7790.0,1.0,0,0,0,2.3,8.0,helio,2.0,32.0,5000.0,10.0,1,6.51,720.0,1600.0,,water drop notch,1.0,8.0,5.0,1.0,1.0,0.0,,android
85.0,xiaomi redmi k50i,25999.0,1.0,1,1,0,2.85,8.0,dimensity,8.0,256.0,5080.0,67.0,1,6.6,1080.0,2460.0,144.0,punch hole,1.0,64.0,16.0,3.0,,,,
60.0,realme c30,6299.0,1.0,0,0,0,1.82,8.0,unisoc,3.0,32.0,5000.0,,0,6.5,720.0,1600.0,,water drop notch,1.0,8.0,5.0,1.0,1.0,0.0,1024.0,android
77.0,motorola moto g51,12999.0,1.0,1,0,1,2.2,8.0,snapdragon,4.0,64.0,5000.0,,0,6.8,1080.0,2400.0,120.0,punch hole,1.0,50.0,13.0,3.0,1.0,1.0,512.0,android
75.0,xiaomi redmi 10,11999.0,1.0,0,0,0,2.4,8.0,snapdragon,6.0,128.0,6000.0,18.0,1,6.7,720.0,1600.0,,water drop notch,1.0,50.0,5.0,2.0,1.0,0.0,512.0,android
83.0,xiaomi mi 11 lite ne,21890.0,1.0,1,1,1,2.4,8.0,snapdragon,6.0,128.0,4250.0,33.0,1,6.55,1080.0,2400.0,90.0,punch hole,1.0,64.0,20.0,3.0,1.0,1.0,,android
84.0,samsung galaxy z flip 3,69999.0,0.0,1,0,1,2.84,8.0,snapdragon,8.0,128.0,3300.0,15.0,1,6.7,1080.0,2640.0,120.0,punch hole,,,,2.0,,,,
75.0,apple iphone 12,55999.0,1.0,1,0,1,3.1,6.0,bionic,4.0,128.0,,,0,,,,,,,,,,,,,
87.0,oneplus 10t,55999.0,1.0,1,0,1,3.2,8.0,snapdragon,16.0,256.0,4800.0,150.0,1,6.7,1080.0,2412.0,120.0,punch hole,1.0,50.0,16.0,3.0,,,,
75.0,samsung galaxy a13,14999.0,1.0,0,0,0,2.0,8.0,,4.0,128.0,5000.0,25.0,1,6.6,1080.0,2408.0,,water drop notch,1.0,50.0,8.0,4.0,1.0,0.0,1024.0,android
85.0,oppo reno7,25994.0,1.0,1,0,1,2.0,8.0,dimensity,8.0,256.0,4500.0,65.0,1,6.43,1080.0,2400.0,90.0,punch hole,1.0,64.0,32.0,3.0,1.0,0.0,1024.0,android
85.0,oneplus 9rt,42999.0,1.0,1,0,1,2.84,8.0,snapdragon,8.0,128.0,4500.0,,1,6.62,1080.0,2400.0,120.0,punch hole,1.0,50.0,16.0,3.0,,,,
89.0,samsung galaxy a53,33499.0,1.0,1,0,1,2.4,8.0,exynos,8.0,128.0,5000.0,25.0,1,6.5,1080.0,2400.0,120.0,punch hole,1.0,64.0,32.0,4.0,1.0,0.0,1024.0,android
,samsung galaxy s22 ultra,118999.0,1.0,1,0,1,3.0,8.0,snapdragon,12.0,512.0,5000.0,45.0,1,6.8,1440.0,3080.0,120.0,punch hole,1.0,108.0,40.0,4.0,,,,
80.0,motorola moto g71,16999.0,1.0,1,0,1,2.2,8.0,snapdragon,6.0,128.0,5000.0,33.0,1,6.4,1080.0,2400.0,,punch hole,1.0,50.0,16.0,3.0,0.0,0.0,0.0,android
,itel s16 pro,6990.0,1.0,0,0,0,1.3,4.0,,2.0,32.0,4000.0,,0,6.6,1600.0,720.0,,punch hole,1.0,8.0,8.0,3.0,1.0,0.0,32.0,android
82.0,vivo y100,29990.0,1.0,1,0,0,2.4,8.0,dimensity,8.0,128.0,5000.0,66.0,1,6.0,1080.0,2400.0,120.0,punch hole,1.0,50.0,50.0,3.0,0.0,0.0,0.0,android
71.0,samsung galaxy m13,12944.0,1.0,1,0,0,2.2,8.0,dimensity,4.0,64.0,5000.0,15.0,1,6.5,720.0,1600.0,90.0,water drop notch,1.0,50.0,5.0,2.0,1.0,0.0,1024.0,android
84.0,poco x5 gt,29990.0,1.0,1,1,1,3.2,8.0,dimensity,8.0,128.0,5000.0,80.0,1,6.7,1080.0,2400.0,144.0,punch hole,1.0,64.0,32.0,3.0,0.0,0.0,0.0,android
80.0,honor x9,16999.0,1.0,1,0,1,2.2,8.0,snapdragon,8.0,128.0,4800.0,66.0,1,6.81,1080.0,2388.0,,,1.0,48.0,16.0,3.0,,,,
89.0,iqoo 11,64999.0,1.0,1,0,1,3.2,8.0,snapdragon,16.0,256.0,5000.0,120.0,1,6.78,1440.0,3200.0,144.0,punch hole,1.0,50.0,16.0,3.0,,,,
,samsung galaxy z fold 4,154998.0,1.0,1,0,1,3.2,8.0,snapdragon,12.0,256.0,4400.0,25.0,1,7.6,1812.0,2176.0,120.0,punch hole,,,,2.0,,,,android
87.0,royole flexpai 2,109999.0,1.0,1,0,0,2.84,8.0,snapdragon,8.0,128.0,4450.0,,0,7.8,1440.0,1920.0,,,,,,2.0,,,,
83.0,apple iphone 14 plus,84999.0,1.0,1,0,1,3.22,6.0,bionic,6.0,256.0,4325.0,,1,6.7,1284.0,2778.0,,small notch,1.0,12.0,12.0,2.0,0.0,0.0,0.0,ios
85.0,samsung galaxy a33,27499.0,1.0,1,0,1,2.4,8.0,exynos,8.0,128.0,5000.0,25.0,1,6.4,1080.0,2400.0,90.0,punch hole,1.0,48.0,13.0,4.0,1.0,1.0,1024.0,android
69.0,tecno spark 9,8999.0,1.0,0,0,0,2.3,8.0,helio,6.0,128.0,5000.0,,0,6.6,720.0,1600.0,90.0,water drop notch,1.0,13.0,8.0,2.0,1.0,0.0,256.0,android
84.0,google pixel 6,40480.0,1.0,1,0,1,2.8,8.0,google,8.0,128.0,4614.0,30.0,1,6.4,1080.0,2400.0,90.0,punch hole,1.0,50.0,8.0,2.0,,,,
81.0,xiaomi redmi note 10 pro,17999.0,1.0,0,1,0,2.3,8.0,snapdragon,6.0,128.0,5020.0,33.0,1,6.67,1080.0,2400.0,120.0,punch hole,1.0,64.0,16.0,4.0,1.0,0.0,512.0,android
,samsung galaxy s21 ultra,105999.0,1.0,1,0,1,2.9,8.0,exynos,12.0,256.0,5000.0,25.0,1,6.8,1440.0,3200.0,120.0,punch hole,1.0,108.0,40.0,4.0,,,,
67.0,infinix hot 20 play,8999.0,1.0,0,0,0,2.3,8.0,helio,4.0,64.0,6000.0,18.0,1,6.82,720.0,1640.0,90.0,punch hole,1.0,13.0,8.0,2.0,1.0,0.0,256.0,android
77.0,vivo t1x,14999.0,1.0,0,0,0,2.4,8.0,snapdragon,6.0,128.0,5000.0,18.0,1,6.58,1080.0,2408.0,90.0,water drop notch,1.0,50.0,8.0,2.0,1.0,0.0,,android
82.0,oppo f23 pro,19990.0,1.0,1,0,0,2.2,8.0,snapdragon,8.0,128.0,4500.0,33.0,1,6.5,1080.0,2400.0,90.0,punch hole,1.0,64.0,32.0,3.0,1.0,0.0,256.0,android
80.0,iqoo z6 pro,23399.0,1.0,1,0,0,2.4,8.0,snapdragon,8.0,128.0,4700.0,66.0,1,6.44,1080.0,2404.0,90.0,water drop notch,1.0,64.0,16.0,3.0,0.0,0.0,0.0,android
,samsung galaxy a73,41990.0,1.0,1,0,1,2.4,8.0,snapdragon,8.0,256.0,5000.0,25.0,1,6.7,1080.0,2400.0,120.0,punch hole,1.0,108.0,32.0,4.0,1.0,1.0,1024.0,android
82.0,realme 9 se,22998.0,1.0,1,0,0,2.4,8.0,snapdragon,8.0,128.0,5000.0,30.0,1,6.6,1080.0,2412.0,144.0,punch hole,1.0,48.0,16.0,3.0,1.0,0.0,1024.0,android
82.0,poco f4,25999.0,1.0,1,0,1,3.2,8.0,snapdragon,6.0,128.0,4500.0,67.0,1,6.67,1080.0,2400.0,120.0,punch hole,1.0,64.0,20.0,3.0,,,,
74.0,infinix note 12,11700.0,1.0,0,0,0,2.0,8.0,helio,4.0,64.0,5000.0,33.0,1,6.7,2400.0,1080.0,,punch hole,1.0,50.0,16.0,3.0,1.0,0.0,512.0,android
,samsung galaxy a03 core,6499.0,1.0,0,0,0,1.6,4.0,unisoc,2.0,32.0,5000.0,,0,6.5,720.0,1600.0,,water drop notch,1.0,8.0,5.0,1.0,1.0,0.0,1024.0,android
84.0,motorola moto g60,15999.0,1.0,0,0,1,2.3,8.0,snapdragon,6.0,128.0,6000.0,20.0,1,6.78,1080.0,2460.0,120.0,punch hole,1.0,108.0,32.0,3.0,1.0,1.0,1024.0,android
89.0,oneplus 9 pro,64800.0,1.0,1,0,1,2.84,8.0,snapdragon,8.0,128.0,4500.0,65.0,1,6.7,1440.0,3216.0,120.0,punch hole,1.0,48.0,16.0,4.0,0.0,0.0,0.0,android
80.0,xiaomi redmi note 11s,14590.0,1.0,0,1,0,2.05,8.0,helio,6.0,64.0,5000.0,33.0,1,6.43,1080.0,2400.0,90.0,punch hole,1.0,108.0,16.0,4.0,1.0,0.0,512.0,android
68.0,xiaomi redmi 9 activ,7499.0,1.0,0,0,0,2.3,8.0,helio,4.0,64.0,5000.0,,0,6.53,720.0,1600.0,,water drop notch,1.0,13.0,5.0,2.0,1.0,0.0,512.0,android
82.0,tecno camon 19 pro,21999.0,1.0,1,0,1,2.4,8.0,dimensity,8.0,128.0,5000.0,33.0,1,6.8,1080.0,2460.0,120.0,punch hole,1.0,64.0,16.0,3.0,,,,
71.0,samsung galaxy a04,11999.0,1.0,0,0,0,2.3,8.0,helio,4.0,64.0,5000.0,,1,6.5,720.0,1600.0,,water drop notch,1.0,50.0,5.0,2.0,1.0,0.0,1024.0,android
79.0,poco m4 pro,12999.0,1.0,0,1,0,2.05,8.0,helio,6.0,128.0,5000.0,33.0,1,6.43,1080.0,2400.0,90.0,punch hole,1.0,64.0,16.0,3.0,1.0,0.0,1024.0,android
81.0,oneplus nord n20,20990.0,1.0,1,0,1,2.2,8.0,snapdragon,6.0,128.0,4500.0,33.0,1,6.43,1080.0,2400.0,,punch hole,1.0,64.0,16.0,3.0,1.0,0.0,,android
79.0,apple iphone 13,72999.0,1.0,1,0,1,3.22,6.0,bionic,4.0,256.0,3240.0,,1,6.1,1170.0,2532.0,,small notch,1.0,12.0,12.0,2.0,0.0,0.0,0.0,ios
,oppo find x6 pro,77990.0,1.0,1,0,1,3.2,8.0,snapdragon,12.0,256.0,4700.0,120.0,1,6.78,1080.0,2400.0,120.0,punch hole,1.0,50.0,32.0,3.0,,,,
,vivo x90 pro,56999.0,1.0,1,1,1,3.05,8.0,dimensity,8.0,256.0,4870.0,120.0,1,6.78,1260.0,2800.0,120.0,punch hole,1.0,50.3,32.0,3.0,0.0,0.0,0.0,android
79.0,motorola moto g53,21999.0,1.0,1,0,1,2.2,8.0,snapdragon,4.0,128.0,5000.0,10.0,1,6.5,720.0,1600.0,120.0,punch hole,1.0,50.0,16.0,2.0,1.0,1.0,1024.0,android
75.0,motorola moto g22,9499.0,1.0,0,0,0,2.3,8.0,helio,4.0,64.0,5000.0,20.0,1,6.53,720.0,1600.0,90.0,punch hole,1.0,50.0,16.0,4.0,1.0,0.0,1024.0,android
66.0,xiaomi redmi 9i sport,7499.0,1.0,0,0,0,2.0,8.0,helio,4.0,64.0,5000.0,10.0,1,6.53,720.0,1600.0,,water drop notch,1.0,13.0,5.0,1.0,1.0,0.0,512.0,android
,jio jiophone next,4649.0,1.0,0,0,0,1.3,4.0,snapdragon,2.0,32.0,3500.0,,0,5.45,720.0,1440.0,,,1.0,13.0,8.0,1.0,1.0,0.0,512.0,android
62.0,vivo y93,18000.0,1.0,0,0,0,2.0,8.0,helio,4.0,32.0,4030.0,,0,6.2,1520.0,720.0,,water drop notch,1.0,13.0,8.0,2.0,1.0,0.0,256.0,android
85.0,xiaomi redmi k60 pro,38999.0,1.0,1,1,1,3.2,8.0,snapdragon,8.0,128.0,5000.0,120.0,1,6.67,1440.0,3200.0,120.0,punch hole,1.0,54.0,16.0,3.0,,,,
,realme c30s,7145.0,1.0,0,0,0,1.6,8.0,unisoc,2.0,32.0,5000.0,10.0,1,6.5,720.0,1600.0,,water drop notch,1.0,8.0,5.0,1.0,1.0,0.0,1024.0,android
77.0,vivo y22s,14990.0,1.0,0,0,0,2.4,8.0,snapdragon,8.0,128.0,5000.0,18.0,1,6.55,1612.0,720.0,90.0,water drop notch,1.0,50.0,8.0,2.0,1.0,0.0,1024.0,android
70.0,oppo a77,15499.0,1.0,0,0,0,2.3,8.0,helio,4.0,64.0,5000.0,33.0,1,6.56,720.0,1600.0,,water drop notch,1.0,50.0,8.0,2.0,1.0,0.0,,android
69.0,xiaomi redmi 10a sport,9999.0,1.0,0,1,0,2.0,8.0,helio,6.0,128.0,5000.0,,0,6.53,720.0,1600.0,,water drop notch,1.0,13.0,5.0,1.0,1.0,0.0,512.0,android
86.0,poco f4,29999.0,1.0,1,0,1,3.2,8.0,snapdragon,12.0,256.0,4500.0,67.0,1,6.67,1080.0,2400.0,120.0,punch hole,1.0,64.0,20.0,3.0,,,,
84.0,realme 9,15999.0,1.0,0,0,0,2.4,8.0,snapdragon,8.0,128.0,5000.0,33.0,1,6.4,1080.0,2400.0,90.0,punch hole,1.0,108.0,16.0,3.0,1.0,0.0,256.0,android
89.0,xiaomi 12t pro,59990.0,1.0,1,1,1,3.2,8.0,snapdragon,8.0,128.0,5000.0,120.0,1,6.67,1220.0,2712.0,120.0,punch hole,1.0,200.0,20.0,3.0,,,,
84.0,iqoo 9,34990.0,1.0,1,0,0,2.9,8.0,snapdragon,8.0,128.0,4350.0,120.0,1,6.56,1080.0,2376.0,120.0,punch hole,1.0,48.0,16.0,3.0,,,,
75.0,apple iphone 12 mini,45999.0,1.0,1,0,1,3.1,6.0,bionic,4.0,128.0,,,0,,,,,,,,,,,,,
85.0,samsung galaxy s24 ultra,119990.0,1.0,1,0,0,,8.0,snapdragon,12.0,256.0,5100.0,45.0,1,6.83,1200.0,2860.0,144.0,punch hole,1.0,200.0,60.0,4.0,0.0,0.0,0.0,android
88.0,oppo find n flip,89990.0,0.0,1,0,1,3.05,8.0,dimensity,8.0,128.0,4300.0,44.0,1,6.8,1200.0,2400.0,120.0,punch hole,,,,2.0,,,,
87.0,oneplus 10t,50999.0,1.0,1,0,1,3.2,8.0,snapdragon,12.0,256.0,4800.0,150.0,1,6.7,1080.0,2412.0,120.0,punch hole,1.0,50.0,16.0,3.0,,,,
65.0,tecno spark 9,7999.0,1.0,0,0,0,2.3,8.0,helio,4.0,64.0,5000.0,,0,6.6,720.0,1600.0,90.0,water drop notch,1.0,13.0,8.0,2.0,1.0,0.0,256.0,android
88.0,samsung galaxy s21 fe,43999.0,1.0,1,0,1,2.9,8.0,exynos,8.0,256.0,4500.0,25.0,1,6.4,1080.0,2340.0,120.0,punch hole,1.0,12.0,32.0,3.0,0.0,0.0,0.0,android
83.0,xiaomi redmi note 11t,18499.0,1.0,1,1,0,2.4,8.0,dimensity,8.0,128.0,5000.0,33.0,1,6.6,1080.0,2400.0,90.0,punch hole,1.0,50.0,16.0,2.0,1.0,1.0,1024.0,android
,sony xperia pro-i,134999.0,1.0,1,0,1,2.84,8.0,snapdragon,12.0,512.0,4500.0,30.0,1,6.5,1644.0,3840.0,120.0,,1.0,12.0,8.0,3.0,1.0,1.0,1024.0,android
85.0,vivo v21 pro,32999.0,1.0,1,0,0,2.4,8.0,snapdragon,8.0,128.0,4300.0,33.0,1,6.44,1080.0,2400.0,,small notch,1.0,64.0,44.0,4.0,,,,
80.0,poco x3,13499.0,1.0,0,1,0,2.3,8.0,snapdragon,6.0,64.0,6000.0,33.0,1,6.67,1080.0,2400.0,120.0,punch hole,1.0,64.0,20.0,4.0,1.0,1.0,512.0,android
86.0,samsung galaxy s20 fe,35489.0,1.0,0,0,1,2.73,8.0,exynos,8.0,128.0,4500.0,25.0,1,6.5,1080.0,2400.0,120.0,punch hole,1.0,12.0,32.0,3.0,1.0,1.0,1024.0,android
78.0,google pixel 4,20120.0,1.0,0,0,1,2.8,8.0,snapdragon,6.0,64.0,2800.0,,1,5.7,1080.0,2280.0,,,1.0,16.0,8.0,2.0,0.0,0.0,0.0,android
81.0,samsung galaxy s10 plus,42999.0,1.0,0,0,1,2.7,8.0,exynos,8.0,128.0,4100.0,15.0,1,6.4,1440.0,3040.0,,punch hole,1.0,16.0,10.0,3.0,1.0,1.0,512.0,android
,nokia 2660 flip,4649.0,1.0,0,0,0,,,,,,,,0,,,,,,,,,,,,,
78.0,realme 11 pro plus,24999.0,1.0,1,0,0,2.2,8.0,dimensity,6.0,128.0,4200.0,66.0,1,6.4,1080.0,2400.0,90.0,punch hole,1.0,50.0,16.0,3.0,0.0,0.0,0.0,android
82.0,oppo f21 pro,20999.0,1.0,0,0,0,2.4,8.0,snapdragon,8.0,128.0,4500.0,33.0,1,6.5,1080.0,2400.0,90.0,punch hole,1.0,64.0,32.0,3.0,1.0,0.0,256.0,android
84.0,realme gt 2,28994.0,1.0,1,0,1,2.84,8.0,snapdragon,8.0,128.0,5000.0,65.0,1,6.62,1080.0,2400.0,120.0,punch hole,1.0,50.0,16.0,3.0,,,,
88.0,samsung galaxy s21,48900.0,1.0,1,0,1,2.9,8.0,exynos,8.0,128.0,4000.0,25.0,1,6.2,1080.0,2400.0,120.0,punch hole,1.0,64.0,10.0,3.0,,,,
86.0,samsung galaxy a71,22494.0,1.0,0,0,0,2.2,8.0,snapdragon,8.0,128.0,4500.0,25.0,1,6.7,1080.0,2400.0,,punch hole,1.0,64.0,32.0,4.0,1.0,0.0,1024.0,android
61.0,vivo y02s,8990.0,1.0,0,0,0,2.3,8.0,helio,3.0,32.0,5000.0,10.0,1,6.51,720.0,1600.0,,water drop notch,1.0,8.0,5.0,1.0,1.0,0.0,,android
,letv y2 pro,6999.0,1.0,0,0,0,,8.0,unisoc,4.0,32.0,4000.0,,0,6.5,720.0,1560.0,,small notch,1.0,13.0,8.0,3.0,,,,
63.0,tecno spark 8c,8890.0,1.0,0,0,0,2.0,8.0,unisoc,4.0,64.0,5000.0,,0,6.6,720.0,1612.0,90.0,water drop notch,1.0,13.0,8.0,2.0,1.0,0.0,256.0,android
82.0,iqoo z6,18498.0,1.0,1,0,0,2.2,8.0,snapdragon,8.0,128.0,5000.0,18.0,1,6.58,1080.0,2408.0,120.0,water drop notch,1.0,50.0,16.0,3.0,1.0,1.0,1024.0,android
81.0,vivo t1 pro,23999.0,1.0,1,0,0,2.4,8.0,snapdragon,6.0,128.0,4700.0,66.0,1,6.44,1080.0,2404.0,90.0,water drop notch,1.0,64.0,16.0,3.0,1.0,1.0,1024.0,android
81.0,realme 9 pro plus,22994.0,1.0,1,0,0,2.5,8.0,dimensity,8.0,128.0,4500.0,60.0,1,6.4,1080.0,2400.0,90.0,punch hole,1.0,50.0,16.0,3.0,0.0,0.0,0.0,android
71.0,samsung galaxy a04s,12990.0,1.0,0,0,0,2.0,8.0,exynos,4.0,64.0,5000.0,15.0,1,6.5,720.0,1600.0,90.0,water drop notch,1.0,50.0,5.0,3.0,1.0,0.0,1024.0,android
78.0,realme 9i,14999.0,1.0,0,0,0,2.4,8.0,snapdragon,6.0,128.0,5000.0,33.0,1,6.6,1080.0,2412.0,90.0,punch hole,1.0,50.0,16.0,3.0,1.0,0.0,1024.0,android
80.0,realme 8,18499.0,1.0,1,0,0,2.2,8.0,dimensity,8.0,128.0,5000.0,18.0,1,6.5,1080.0,2400.0,90.0,punch hole,1.0,48.0,16.0,3.0,1.0,0.0,1024.0,android
78.0,oppo f19,14990.0,1.0,0,0,0,2.0,8.0,snapdragon,6.0,128.0,5000.0,33.0,1,6.4,1080.0,2400.0,,punch hole,1.0,48.0,16.0,3.0,1.0,0.0,256.0,android
88.0,oppo find n2 flip,70990.0,0.0,1,0,1,3.2,8.0,dimensity,8.0,256.0,4300.0,44.0,1,6.8,1080.0,2520.0,120.0,punch hole,,,,2.0,,,,
75.0,samsung galaxy m32 prime edition,12120.0,1.0,0,0,0,2.0,8.0,helio,4.0,64.0,6000.0,15.0,1,6.4,1080.0,2400.0,90.0,water drop notch,1.0,64.0,20.0,4.0,1.0,0.0,1024.0,android
84.0,oukitel wp19,29990.0,1.0,0,0,1,2.0,8.0,helio,8.0,256.0,21000.0,33.0,1,6.78,1080.0,2400.0,,punch hole,1.0,64.0,16.0,3.0,1.0,0.0,,android
82.0,realme 9 pro,20999.0,1.0,1,0,0,2.2,8.0,snapdragon,8.0,128.0,5000.0,33.0,1,6.6,1080.0,2412.0,120.0,punch hole,1.0,64.0,16.0,3.0,1.0,0.0,256.0,android
80.0,xiaomi redmi note 10 lite,11999.0,1.0,0,1,0,2.3,8.0,snapdragon,6.0,128.0,5020.0,18.0,1,6.67,1080.0,2400.0,,punch hole,1.0,48.0,16.0,4.0,1.0,0.0,512.0,android
73.0,samsung galaxy a13,17990.0,1.0,1,0,1,2.2,8.0,dimensity,4.0,64.0,5000.0,15.0,1,6.5,720.0,1600.0,90.0,water drop notch,1.0,50.0,5.0,3.0,1.0,0.0,,android
77.0,xiaomi redmi note 11,14990.0,1.0,1,1,0,2.4,8.0,dimensity,4.0,128.0,5000.0,33.0,1,6.6,1080.0,2400.0,90.0,punch hole,1.0,50.0,16.0,2.0,1.0,0.0,512.0,android
,itel p36,6490.0,1.0,0,0,0,1.3,4.0,unisoc,1.0,16.0,5000.0,,0,6.5,1600.0,720.0,,water drop notch,1.0,8.0,8.0,2.0,,,,
,jio jiophone 2,2999.0,1.0,0,0,0,1.0,2.0,,0.5,4.0,2000.0,,0,2.4,320.0,240.0,,,1.0,2.0,0.3,1.0,1.0,0.0,128.0,
83.0,realme gt neo 5,34999.0,1.0,1,0,1,3.2,8.0,snapdragon,8.0,128.0,4600.0,240.0,1,6.7,1080.0,2412.0,120.0,punch hole,1.0,50.0,16.0,3.0,,,,
79.0,apple iphone 15 ultra,149900.0,1.0,1,0,1,,8.0,bionic,8.0,128.0,4700.0,,1,6.73,1290.0,2796.0,120.0,,1.0,48.0,12.0,3.0,0.0,0.0,0.0,ios
,poco c50,6499.0,1.0,0,0,0,2.0,4.0,helio,2.0,32.0,5000.0,10.0,1,6.52,720.0,1600.0,,water drop notch,1.0,8.0,5.0,2.0,1.0,0.0,512.0,android
,samsung galaxy note 30 ultra,104999.0,1.0,1,0,1,3.2,8.0,snapdragon,12.0,256.0,4500.0,67.0,1,6.71,1440.0,3214.0,120.0,punch hole,1.0,200.0,10.0,3.0,1.0,1.0,1024.0,android
75.0,realme 9i,13999.0,1.0,0,0,0,2.4,8.0,snapdragon,4.0,128.0,5000.0,33.0,1,6.6,1080.0,2412.0,90.0,punch hole,1.0,50.0,16.0,3.0,1.0,0.0,1024.0,android
79.0,xiaomi redmi note 11t,16999.0,1.0,1,1,0,2.4,8.0,dimensity,6.0,64.0,5000.0,33.0,1,6.6,1080.0,2400.0,90.0,punch hole,1.0,50.0,16.0,2.0,1.0,1.0,1024.0,android
,vivo x80 pro,79999.0,1.0,1,0,1,3.0,8.0,snapdragon,12.0,256.0,4700.0,80.0,1,6.78,1440.0,3200.0,120.0,punch hole,1.0,50.0,32.0,4.0,0.0,0.0,0.0,android
87.0,oppo reno 6 pro,36760.0,1.0,1,0,1,3.0,8.0,dimensity,12.0,256.0,4500.0,65.0,1,6.55,1080.0,2400.0,90.0,punch hole,1.0,64.0,32.0,4.0,0.0,0.0,0.0,android
81.0,xiaomi mi 11i,23499.0,1.0,1,1,0,2.5,8.0,dimensity,6.0,128.0,5160.0,67.0,1,6.67,2400.0,1080.0,120.0,punch hole,1.0,108.0,16.0,3.0,1.0,1.0,1024.0,android
87.0,asus rog phone 7,75990.0,1.0,1,0,1,3.2,8.0,snapdragon,18.0,256.0,6000.0,120.0,1,6.8,1080.0,2448.0,165.0,,1.0,64.0,32.0,3.0,0.0,0.0,0.0,android
76.0,oppo a77,21990.0,1.0,1,0,0,2.4,8.0,snapdragon,6.0,128.0,5000.0,33.0,1,6.56,720.0,1600.0,90.0,water drop notch,1.0,48.0,8.0,2.0,1.0,0.0,,android
80.0,realme 9 se,18999.0,1.0,1,0,0,2.4,8.0,snapdragon,6.0,128.0,5000.0,30.0,1,6.6,1080.0,2412.0,144.0,punch hole,1.0,48.0,16.0,3.0,1.0,0.0,1024.0,android
66.0,samsung galaxy a03,7249.0,1.0,0,0,0,1.6,8.0,unisoc,3.0,32.0,5000.0,15.0,1,6.5,720.0,1560.0,,water drop notch,1.0,48.0,5.0,2.0,1.0,0.0,1024.0,android
75.0,oneplus nord n200,16990.0,1.0,1,0,1,2.0,8.0,snapdragon,4.0,64.0,5000.0,18.0,1,6.49,1080.0,2400.0,90.0,punch hole,1.0,13.0,16.0,3.0,1.0,0.0,,android
80.0,xiaomi mi 11x,23890.0,1.0,1,1,0,3.2,8.0,snapdragon,6.0,128.0,4520.0,33.0,1,6.67,1080.0,2400.0,120.0,punch hole,1.0,48.0,20.0,3.0,,,,
83.0,oppo reno 6,26380.0,1.0,1,0,1,2.0,8.0,dimensity,8.0,128.0,4300.0,65.0,1,6.43,1080.0,2400.0,90.0,punch hole,1.0,64.0,32.0,3.0,0.0,0.0,0.0,android
87.0,realme x50 pro,27999.0,1.0,1,0,1,2.84,8.0,snapdragon,12.0,256.0,4200.0,65.0,1,6.44,1080.0,2400.0,90.0,dual punch hole,1.0,64.0,32.0,4.0,0.0,0.0,0.0,android
70.0,xiaomi redmi 10a,10850.0,1.0,0,0,0,2.0,8.0,helio,6.0,128.0,5000.0,,0,6.53,720.0,1600.0,,water drop notch,1.0,13.0,5.0,1.0,1.0,0.0,512.0,android
81.0,redmi note 12 pro speed edition,19999.0,1.0,1,1,1,2.4,8.0,snapdragon,6.0,128.0,5000.0,67.0,1,6.67,1080.0,2400.0,120.0,punch hole,1.0,108.0,16.0,3.0,0.0,0.0,0.0,android
76.0,apple iphone 14 pro,129990.0,1.0,1,0,1,,6.0,bionic,6.0,256.0,3200.0,,1,6.1,1179.0,2556.0,120.0,,1.0,48.0,12.0,3.0,0.0,0.0,0.0,ios
81.0,motorola moto g72,19990.0,1.0,1,0,1,2.2,8.0,snapdragon,6.0,128.0,5000.0,33.0,1,6.5,1080.0,2400.0,120.0,punch hole,1.0,108.0,16.0,3.0,0.0,0.0,0.0,android
,motorola moto x30 pro,41990.0,1.0,1,0,1,3.2,8.0,snapdragon,8.0,128.0,4450.0,125.0,1,6.67,1080.0,2400.0,144.0,punch hole,1.0,200.0,60.0,3.0,,,,
,xiaomi 12s ultra,69990.0,1.0,1,1,1,3.2,8.0,snapdragon,8.0,256.0,4860.0,67.0,1,6.73,1440.0,3200.0,120.0,punch hole,1.0,50.0,32.0,3.0,,,,
88.0,honor 70,39990.0,1.0,1,0,1,2.5,8.0,snapdragon,12.0,512.0,4800.0,66.0,1,6.67,1080.0,2400.0,120.0,punch hole,1.0,54.0,32.0,3.0,,,,
,oneplus 10 pro,74999.0,1.0,1,0,1,3.0,8.0,snapdragon,12.0,512.0,5000.0,80.0,1,6.7,1440.0,3216.0,120.0,punch hole,1.0,50.0,32.0,3.0,,,,
87.0,vivo v23 pro,36994.0,1.0,1,0,0,3.0,8.0,dimensity,12.0,256.0,4300.0,44.0,1,6.56,1080.0,2376.0,90.0,small notch,1.0,108.0,50.0,3.0,0.0,0.0,0.0,android
76.0,oppo a55,14700.0,1.0,0,0,0,2.3,8.0,helio,6.0,128.0,5000.0,18.0,1,6.51,720.0,1600.0,,punch hole,1.0,50.0,16.0,3.0,1.0,0.0,256.0,android
86.0,xiaomi mi 11t pro,34990.0,1.0,1,1,1,2.84,8.0,snapdragon,8.0,128.0,5000.0,120.0,1,6.67,1080.0,2400.0,120.0,punch hole,1.0,108.0,16.0,3.0,,,,
76.0,nokia x50,34999.0,0.0,1,0,0,,,snapdragon,6.0,64.0,6000.0,33.0,1,6.81,1080.0,2400.0,,punch hole,1.0,108.0,32.0,4.0,1.0,0.0,,android
75.0,xiaomi redmi note 10,13990.0,1.0,0,1,0,2.2,8.0,snapdragon,4.0,64.0,5000.0,33.0,1,6.43,1080.0,2400.0,,punch hole,1.0,48.0,13.0,4.0,1.0,0.0,512.0,android
62.0,vertu signature touch,650000.0,0.0,0,0,1,1.5,8.0,snapdragon,2.0,64.0,2275.0,,0,4.7,1080.0,1920.0,,,1.0,13.0,2.1,1.0,0.0,0.0,0.0,android
79.0,samsung galaxy m32 prime edition,14859.0,1.0,0,0,0,2.0,8.0,helio,6.0,128.0,6000.0,15.0,1,6.4,1080.0,2400.0,90.0,water drop notch,1.0,64.0,20.0,4.0,1.0,0.0,1024.0,android
84.0,tecno camon 19 pro mondrian edition,17999.0,1.0,0,0,1,2.05,8.0,helio,8.0,128.0,5000.0,33.0,1,6.8,1080.0,2460.0,120.0,punch hole,1.0,64.0,32.0,3.0,1.0,0.0,512.0,android
85.0,poco f5,34990.0,1.0,1,0,1,3.2,8.0,snapdragon,8.0,128.0,4700.0,67.0,1,6.7,1080.0,2400.0,120.0,punch hole,1.0,64.0,32.0,3.0,,,,
85.0,blu f91,14990.0,1.0,1,0,1,2.4,8.0,dimensity,8.0,128.0,5000.0,,1,6.8,1080.0,2460.0,,,1.0,48.0,16.0,4.0,1.0,0.0,,android
65.0,oppo a16e,8999.0,1.0,0,0,0,2.0,8.0,helio,3.0,32.0,4230.0,,0,6.52,720.0,1600.0,,water drop notch,1.0,13.0,5.0,1.0,1.0,1.0,1024.0,android
71.0,motorola moto e32,8999.0,1.0,0,0,0,2.3,8.0,helio,4.0,64.0,5000.0,10.0,1,6.5,720.0,1600.0,90.0,punch hole,1.0,50.0,8.0,2.0,1.0,0.0,1024.0,android
84.0,xiaomi redmi note 11s,15824.0,1.0,0,1,0,2.05,8.0,helio,8.0,128.0,5000.0,33.0,1,6.43,1080.0,2400.0,90.0,punch hole,1.0,108.0,16.0,4.0,1.0,0.0,512.0,android
,apple iphone se 3,43900.0,1.0,1,0,1,3.22,6.0,bionic,,64.0,,,0,,,,,,,,,,,,,
86.0,samsung galaxy a52,22494.0,1.0,0,0,0,2.3,8.0,snapdragon,8.0,128.0,4500.0,25.0,1,6.5,1080.0,2400.0,90.0,punch hole,1.0,64.0,32.0,4.0,1.0,0.0,1024.0,android
82.0,poco x3 pro,19650.0,1.0,0,1,0,2.96,8.0,snapdragon,6.0,128.0,5160.0,33.0,1,6.67,1080.0,2400.0,120.0,punch hole,1.0,48.0,20.0,4.0,1.0,1.0,,android
61.0,xiaomi redmi 9a,6999.0,1.0,0,0,0,2.0,8.0,helio,2.0,32.0,5000.0,,0,6.53,720.0,1600.0,,water drop notch,1.0,13.0,5.0,1.0,1.0,0.0,512.0,android
80.0,samsung galaxy a32,16499.0,1.0,0,0,0,2.0,8.0,helio,6.0,128.0,5000.0,15.0,1,6.4,1080.0,2400.0,90.0,water drop notch,1.0,64.0,20.0,4.0,1.0,0.0,1024.0,android
75.0,motorola moto g13,15999.0,1.0,0,0,1,2.0,8.0,helio,4.0,128.0,5000.0,10.0,1,6.5,720.0,1600.0,90.0,punch hole,1.0,50.0,8.0,3.0,1.0,1.0,512.0,android
88.0,asus rog phone 6 batman edition,72999.0,1.0,1,0,1,3.2,8.0,dimensity,16.0,256.0,6000.0,65.0,1,6.78,1080.0,2448.0,165.0,,1.0,50.0,12.0,3.0,0.0,0.0,0.0,android
84.0,xiaomi redmi note 12 pro plus,26999.0,1.0,1,1,0,2.6,8.0,dimensity,6.0,128.0,4980.0,120.0,1,6.67,1080.0,2400.0,120.0,punch hole,1.0,200.0,16.0,3.0,0.0,0.0,0.0,android
,infinix smart 6 hd,6999.0,1.0,0,0,0,2.0,4.0,helio,2.0,32.0,5000.0,,0,6.6,720.0,1600.0,,water drop notch,1.0,8.0,5.0,2.0,1.0,0.0,512.0,android
75.0,apple iphone 15 pro,130990.0,1.0,1,0,1,,,bionic,8.0,128.0,,,0,,,,,,,,,,,,,
71.0,realme c35,12787.0,1.0,0,0,0,1.8,8.0,unisoc,4.0,128.0,5000.0,18.0,1,6.6,1080.0,2408.0,90.0,water drop notch,1.0,50.0,8.0,3.0,1.0,0.0,1024.0,android
72.0,infinix hot 12,9999.0,1.0,0,0,0,2.3,8.0,helio,4.0,64.0,6000.0,18.0,1,6.82,720.0,1640.0,90.0,water drop notch,1.0,50.0,8.0,3.0,1.0,0.0,512.0,android
86.0,vivo x80,54999.0,1.0,1,0,0,3.05,8.0,dimensity,8.0,128.0,4500.0,80.0,1,6.78,1080.0,2400.0,120.0,punch hole,1.0,50.0,32.0,3.0,0.0,0.0,0.0,android
79.0,vivo y53s,15490.0,1.0,0,0,0,2.0,8.0,helio,8.0,128.0,5000.0,19.0,1,6.58,1080.0,2408.0,,water drop notch,1.0,64.0,16.0,3.0,1.0,0.0,1024.0,android
84.0,tecno phantom x,25999.0,1.0,0,0,0,2.05,8.0,helio,8.0,256.0,4700.0,33.0,1,6.7,1080.0,2340.0,90.0,punch hole,1.0,50.0,48.0,3.0,,,,
68.0,samsung galaxy m04,9499.0,1.0,0,0,0,2.3,8.0,helio,4.0,128.0,5000.0,15.0,1,6.5,720.0,1600.0,,water drop notch,1.0,13.0,5.0,2.0,1.0,0.0,1024.0,android
70.0,redmi 12c,7999.0,1.0,0,0,0,2.0,8.0,helio,4.0,64.0,5000.0,,0,6.71,720.0,1650.0,,water drop notch,1.0,50.0,5.0,2.0,1.0,0.0,512.0,android
86.0,asus zenfone 9,63990.0,1.0,1,0,1,3.2,8.0,snapdragon,8.0,128.0,4300.0,30.0,1,5.9,1080.0,2400.0,120.0,punch hole,1.0,50.0,12.0,2.0,,,,
73.0,sony xperia l5,15990.0,0.0,0,0,1,2.3,8.0,helio,4.0,64.0,4000.0,,1,6.2,720.0,1680.0,,,1.0,13.0,8.0,3.0,1.0,1.0,512.0,android
85.0,iqoo 9 se,34949.0,1.0,1,0,1,2.84,8.0,snapdragon,12.0,256.0,4500.0,66.0,1,6.62,1080.0,2400.0,120.0,punch hole,1.0,48.0,16.0,3.0,,,,
72.0,tecno spark 8 pro,8799.0,1.0,0,0,0,2.0,8.0,helio,4.0,64.0,5000.0,33.0,1,6.8,1080.0,2460.0,,punch hole,1.0,48.0,8.0,3.0,1.0,0.0,,android
74.0,xiaomi redmi 10 prime,12390.0,1.0,0,1,0,2.0,8.0,helio,4.0,64.0,6000.0,18.0,1,6.5,1080.0,2400.0,90.0,punch hole,1.0,50.0,8.0,4.0,1.0,0.0,512.0,android
73.0,samsung galaxy f22,11499.0,1.0,0,0,0,2.0,8.0,helio,4.0,64.0,6000.0,,0,6.4,720.0,1600.0,90.0,water drop notch,1.0,48.0,13.0,4.0,1.0,0.0,1024.0,android
,xiaomi mi mix alpha,199990.0,1.0,1,0,0,2.96,8.0,snapdragon,12.0,512.0,4050.0,40.0,1,7.92,2088.0,2250.0,,,1.0,108.0,0.0,3.0,0.0,0.0,0.0,android
86.0,oppo reno 10 pro,42990.0,1.0,1,0,1,3.05,8.0,dimensity,16.0,256.0,5000.0,120.0,1,6.73,1080.0,2412.0,120.0,punch hole,1.0,50.0,32.0,2.0,,,,
82.0,nubia z50,34999.0,1.0,1,0,1,3.2,8.0,snapdragon,8.0,128.0,5000.0,80.0,1,6.67,1080.0,2400.0,144.0,punch hole,1.0,64.0,16.0,3.0,,,,
75.0,samsung galaxy f13,11999.0,1.0,0,0,1,2.0,8.0,exynos,4.0,128.0,6000.0,15.0,1,6.6,2408.0,1080.0,,water drop notch,1.0,50.0,8.0,3.0,1.0,0.0,1024.0,android
70.0,nokia g11 plus,10499.0,1.0,0,0,0,1.6,8.0,unisoc,4.0,64.0,5000.0,10.0,1,6.52,720.0,1600.0,90.0,water drop notch,1.0,50.0,8.0,2.0,1.0,0.0,512.0,android
66.0,infinix hot 12 play,8910.0,1.0,0,0,0,1.82,8.0,unisoc,4.0,64.0,6000.0,18.0,1,6.82,1640.0,720.0,90.0,punch hole,1.0,13.0,8.0,2.0,1.0,0.0,256.0,android
85.0,vivo t2,24990.0,1.0,1,0,0,3.2,8.0,snapdragon,8.0,128.0,4700.0,80.0,1,6.62,1080.0,2400.0,120.0,punch hole,1.0,64.0,16.0,3.0,1.0,1.0,1024.0,android
84.0,oppo reno7 z,17999.0,1.0,1,0,1,2.2,8.0,snapdragon,8.0,128.0,4500.0,33.0,1,6.43,1080.0,2400.0,,punch hole,1.0,64.0,16.0,3.0,1.0,0.0,,android
86.0,xiaomi mi 11 lite ne,22999.0,1.0,1,1,1,2.4,8.0,snapdragon,8.0,128.0,4250.0,33.0,1,6.55,1080.0,2400.0,90.0,punch hole,1.0,64.0,20.0,3.0,1.0,1.0,,android
,realme narzo 50i,6490.0,1.0,0,0,0,1.6,8.0,unisoc,2.0,32.0,5000.0,,0,6.5,720.0,1600.0,,water drop notch,1.0,8.0,5.0,1.0,1.0,0.0,256.0,android
85.0,infinix zero x pro,21990.0,1.0,1,0,0,2.05,8.0,helio,8.0,128.0,4500.0,45.0,1,6.67,1080.0,2400.0,120.0,punch hole,1.0,108.0,16.0,3.0,1.0,0.0,512.0,android
,nokia 110,1762.0,1.0,0,0,0,,,,0.125,0.0469,1020.0,,0,1.8,120.0,160.0,,,1.0,0.3,0.0,1.0,1.0,0.0,32.0,
76.0,samsung galaxy m32,12364.0,1.0,0,0,0,2.0,8.0,helio,4.0,64.0,6000.0,15.0,1,6.4,1080.0,2400.0,90.0,water drop notch,1.0,64.0,20.0,4.0,1.0,0.0,1024.0,android
86.0,samsung galaxy a82,39990.0,1.0,1,0,1,2.96,8.0,snapdragon,6.0,128.0,4500.0,25.0,1,6.71,1440.0,3200.0,120.0,punch hole,1.0,64.0,10.0,3.0,1.0,0.0,1024.0,android
77.0,xiaomi poco f1,11999.0,1.0,0,0,0,2.8,8.0,snapdragon,6.0,64.0,4000.0,,1,6.18,1080.0,2246.0,,large notch,1.0,12.0,20.0,2.0,1.0,1.0,256.0,android
,vivo y25,7499.0,1.0,0,0,0,1.3,4.0,helio,1.0,16.0,1900.0,,0,4.5,480.0,854.0,,,1.0,5.0,2.0,1.0,1.0,0.0,128.0,android
60.0,lyf earth 1,3990.0,1.0,0,0,0,1.5,8.0,snapdragon,3.0,32.0,3500.0,,0,5.5,1080.0,1920.0,,,1.0,13.0,5.0,2.0,1.0,1.0,64.0,android
65.0,motorola moto e13,10499.0,1.0,0,0,0,2.0,8.0,unisoc,2.0,64.0,5000.0,10.0,1,6.5,720.0,1600.0,,punch hole,1.0,13.0,5.0,1.0,1.0,1.0,1024.0,android
,tecno pop 6 pro,6299.0,1.0,0,0,0,2.0,4.0,helio,2.0,32.0,5000.0,,0,6.56,720.0,1600.0,,water drop notch,1.0,8.0,5.0,2.0,1.0,0.0,1024.0,android
,itel a24 pro,5990.0,1.0,0,0,0,1.4,4.0,unisoc,2.0,32.0,3020.0,,0,5.0,854.0,480.0,,,1.0,2.0,0.3,1.0,1.0,0.0,,android
,vivo x fold plus,113990.0,1.0,1,0,1,3.2,8.0,snapdragon,12.0,256.0,4730.0,80.0,1,8.03,1916.0,2160.0,120.0,punch hole,,,,2.0,,,,android
81.0,huawei mate 50 rs porsche design,239999.0,1.0,0,1,1,3.2,8.0,snapdragon,,512.0,4700.0,66.0,1,6.74,1212.0,2616.0,120.0,,1.0,50.0,13.0,3.0,1.0,1.0,256.0,harmonyos
84.0,samsung galaxy f63,21999.0,1.0,1,0,1,2.0,8.0,dimensity,6.0,128.0,7000.0,33.0,1,6.7,1080.0,2400.0,,punch hole,1.0,64.0,32.0,4.0,1.0,0.0,1024.0,android
80.0,iqoo z6,15999.0,1.0,0,0,0,2.4,8.0,snapdragon,6.0,128.0,5000.0,44.0,1,6.44,1080.0,2400.0,120.0,water drop notch,1.0,50.0,16.0,3.0,1.0,1.0,1024.0,android
,nokia,6899.0,1.0,0,0,0,1.1,4.0,snapdragon,0.5,4.0,1500.0,,0,2.8,240.0,320.0,,,1.0,2.0,0.0,1.0,1.0,0.0,,
86.0,sony xperia 5 ii,69990.0,1.0,1,0,1,2.84,8.0,snapdragon,8.0,128.0,4000.0,21.0,1,6.1,1080.0,2520.0,120.0,,1.0,12.0,8.0,3.0,1.0,1.0,,android
71.0,vivo y3,12990.0,1.0,0,0,0,2.3,8.0,helio,4.0,128.0,5000.0,,1,6.35,720.0,1544.0,,water drop notch,1.0,13.0,16.0,3.0,1.0,0.0,256.0,android
,sony xperia 1 iv,92980.0,1.0,1,0,1,3.0,8.0,snapdragon,12.0,512.0,5000.0,30.0,1,6.5,1644.0,3840.0,120.0,,1.0,12.0,12.0,4.0,1.0,1.0,,android
74.0,tecno pova 4 pro,15999.0,1.0,0,0,0,2.2,8.0,helio,8.0,256.0,6000.0,45.0,1,6.66,720.0,1600.0,90.0,water drop notch,1.0,50.0,8.0,2.0,1.0,0.0,1024.0,android
84.0,huawei nova 10 se,23999.0,1.0,0,0,1,2.4,8.0,snapdragon,8.0,256.0,4500.0,66.0,1,6.67,1080.0,2160.0,90.0,punch hole,1.0,108.0,16.0,3.0,1.0,0.0,,android
75.0,vivo t1x,12999.0,1.0,0,0,0,2.4,8.0,snapdragon,4.0,128.0,5000.0,18.0,1,6.58,1080.0,2408.0,90.0,water drop notch,1.0,50.0,8.0,2.0,1.0,0.0,,android
86.0,nubia red magic 7s pro,60990.0,1.0,1,0,1,3.2,8.0,snapdragon,12.0,256.0,5000.0,135.0,1,6.8,1080.0,2400.0,120.0,,1.0,64.0,8.0,3.0,,,,
67.0,motorola moto e32s,8859.0,1.0,0,0,0,1.8,8.0,helio,4.0,64.0,5000.0,18.0,1,6.5,720.0,1600.0,90.0,punch hole,1.0,16.0,8.0,3.0,1.0,0.0,,android
84.0,iqoo neo 6,33749.0,1.0,1,1,0,3.2,8.0,snapdragon,12.0,256.0,4700.0,80.0,1,6.62,1080.0,2400.0,120.0,punch hole,1.0,64.0,16.0,3.0,,,,
63.0,samsung galaxy a15,15990.0,1.0,0,0,0,,8.0,,6.0,64.0,5000.0,,1,6.5,720.0,1600.0,,water drop notch,1.0,48.0,8.0,3.0,1.0,0.0,1024.0,android
84.0,poco x4 gt,24990.0,1.0,1,1,1,2.85,8.0,dimensity,8.0,128.0,5080.0,67.0,1,6.6,1080.0,2460.0,144.0,punch hole,1.0,64.0,16.0,3.0,0.0,0.0,0.0,android
76.0,realme narzo 50,14999.0,1.0,1,0,0,2.4,8.0,dimensity,4.0,128.0,5000.0,33.0,1,6.6,1080.0,2400.0,90.0,punch hole,1.0,48.0,16.0,3.0,1.0,0.0,1024.0,android
76.0,vivo y77,17990.0,1.0,1,0,0,2.2,8.0,dimensity,6.0,128.0,4500.0,80.0,1,6.64,1080.0,2388.0,120.0,punch hole,1.0,50.0,8.0,2.0,1.0,0.0,1024.0,android
75.0,honor 60 se,24990.0,1.0,1,0,0,2.0,8.0,dimensity,8.0,128.0,4300.0,66.0,1,6.67,1080.0,2340.0,120.0,punch hole,1.0,64.0,16.0,3.0,,,,
74.0,xiaomi redmi 11 prime,11600.0,1.0,0,1,0,2.2,8.0,helio,4.0,64.0,5000.0,18.0,1,6.58,1080.0,2400.0,90.0,water drop notch,1.0,50.0,8.0,3.0,1.0,0.0,512.0,android
62.0,realme c31,8299.0,1.0,0,0,0,1.82,8.0,unisoc,3.0,32.0,5000.0,,0,6.52,720.0,1600.0,,water drop notch,1.0,13.0,5.0,3.0,1.0,0.0,1024.0,android
78.0,motorola moto g31,11999.0,1.0,0,0,0,2.0,8.0,helio,6.0,128.0,5000.0,20.0,1,6.47,1080.0,2400.0,,punch hole,1.0,50.0,13.0,3.0,1.0,1.0,1024.0,android
88.0,samsung galaxy z flip 4,89999.0,1.0,1,0,1,3.2,8.0,snapdragon,8.0,128.0,3700.0,25.0,1,6.7,1080.0,2640.0,120.0,punch hole,,,,2.0,,,,
77.0,oneplus 6,27999.0,1.0,0,0,1,2.8,8.0,snapdragon,8.0,128.0,3300.0,,0,6.28,1080.0,2280.0,,,1.0,20.0,16.0,2.0,0.0,0.0,0.0,android
69.0,google pixel 2 xl,15990.0,0.0,0,0,1,2.35,8.0,snapdragon,4.0,128.0,3520.0,,1,6.0,1440.0,2880.0,,,1.0,12.2,8.0,1.0,0.0,0.0,0.0,android
60.0,xiaomi redmi a1 plus,7289.0,1.0,0,0,0,2.0,4.0,helio,2.0,32.0,5000.0,10.0,1,6.52,720.0,1600.0,,water drop notch,1.0,8.0,5.0,2.0,1.0,0.0,512.0,android
86.0,honor 70,30990.0,1.0,1,0,1,2.5,8.0,snapdragon,8.0,256.0,4800.0,66.0,1,6.67,1080.0,2400.0,120.0,punch hole,1.0,54.0,32.0,3.0,,,,
77.0,realme narzo 50,15499.0,1.0,0,0,0,2.0,8.0,helio,6.0,128.0,5000.0,33.0,1,6.6,1080.0,2412.0,120.0,punch hole,1.0,50.0,16.0,3.0,1.0,0.0,256.0,android
66.0,vivo y15s,8499.0,1.0,0,0,0,2.3,8.0,helio,3.0,32.0,5000.0,,0,6.51,720.0,1600.0,,water drop notch,1.0,13.0,8.0,2.0,1.0,0.0,1024.0,android
80.0,samsung galaxy m32,14490.0,1.0,0,0,0,2.0,8.0,helio,6.0,128.0,6000.0,15.0,1,6.4,1080.0,2400.0,90.0,water drop notch,1.0,64.0,20.0,4.0,1.0,0.0,1024.0,android
80.0,samsung galaxy f42,15490.0,1.0,1,0,0,2.2,8.0,dimensity,6.0,128.0,5000.0,15.0,1,6.6,1080.0,2408.0,90.0,water drop notch,1.0,64.0,8.0,3.0,1.0,0.0,1024.0,android
78.0,realme q5,14990.0,1.0,1,0,0,2.2,8.0,snapdragon,6.0,128.0,5000.0,60.0,1,6.6,1080.0,2412.0,120.0,punch hole,1.0,50.0,16.0,3.0,1.0,1.0,,android
75.0,poco m3 pro,15999.0,1.0,1,1,0,2.2,8.0,dimensity,4.0,64.0,5000.0,18.0,1,6.5,1080.0,2400.0,90.0,punch hole,1.0,48.0,8.0,3.0,1.0,1.0,1024.0,android
82.0,google pixel 5,36000.0,1.0,1,0,1,2.4,8.0,snapdragon,8.0,128.0,4080.0,18.0,1,6.0,1080.0,2340.0,90.0,punch hole,1.0,16.0,8.0,2.0,,,,
,oneplus 12 pro,69999.0,1.0,1,0,1,3.2,8.0,snapdragon,12.0,256.0,4800.0,150.0,1,6.73,1440.0,3412.0,144.0,punch hole,1.0,108.0,32.0,3.0,,,,
86.0,xiaomi redmi note 12 discovery edition,26990.0,1.0,1,1,1,2.6,8.0,dimensity,8.0,256.0,4300.0,210.0,1,6.67,1080.0,2400.0,120.0,punch hole,1.0,200.0,16.0,3.0,0.0,0.0,0.0,android
71.0,samsung galaxy m13,10630.0,1.0,0,0,0,2.0,8.0,exynos,4.0,64.0,6000.0,15.0,1,6.6,1080.0,2400.0,,water drop notch,1.0,50.0,8.0,3.0,1.0,0.0,1024.0,android
85.0,oppo reno 8 pro,42990.0,1.0,1,0,1,2.85,8.0,dimensity,8.0,256.0,4500.0,80.0,1,6.7,1080.0,2412.0,120.0,punch hole,1.0,50.0,32.0,3.0,,,,
77.0,vivo y78,24990.0,1.0,1,0,0,3.0,8.0,dimensity,8.0,128.0,4500.0,,1,6.58,1080.0,2400.0,90.0,punch hole,1.0,50.0,16.0,3.0,0.0,0.0,0.0,android
77.0,iqoo z6,14489.0,1.0,0,0,0,2.4,8.0,snapdragon,4.0,128.0,5000.0,44.0,1,6.44,1080.0,2400.0,120.0,water drop notch,1.0,50.0,16.0,3.0,1.0,1.0,1024.0,android
73.0,oppo a76,16490.0,1.0,0,0,0,2.4,8.0,snapdragon,6.0,128.0,5000.0,33.0,1,6.56,720.0,1612.0,90.0,punch hole,1.0,13.0,8.0,2.0,1.0,0.0,,android
82.0,realme 9 pro plus,24494.0,1.0,1,0,0,2.5,8.0,dimensity,8.0,256.0,4500.0,60.0,1,6.4,1080.0,2400.0,90.0,punch hole,1.0,50.0,16.0,3.0,0.0,0.0,0.0,android
61.0,vivo y01,7999.0,1.0,0,0,0,2.3,8.0,helio,2.0,32.0,5000.0,,0,6.51,720.0,1600.0,,water drop notch,1.0,8.0,5.0,1.0,1.0,0.0,1024.0,android
85.0,motorola moto edge s30,23990.0,1.0,1,0,0,2.9,8.0,snapdragon,6.0,128.0,5000.0,33.0,1,6.8,1080.0,2460.0,144.0,punch hole,1.0,108.0,16.0,3.0,,,,
89.0,realme gt 2 pro,49959.0,1.0,1,0,1,3.0,8.0,snapdragon,8.0,128.0,5000.0,65.0,1,6.7,1440.0,3216.0,120.0,punch hole,1.0,50.0,32.0,3.0,,,,
83.0,apple iphone 13 pro,129900.0,1.0,1,0,1,3.22,6.0,bionic,6.0,256.0,3095.0,,1,6.1,1170.0,2532.0,120.0,large notch,1.0,12.0,12.0,3.0,0.0,0.0,0.0,ios
80.0,vivo y73,19990.0,1.0,0,0,0,2.05,8.0,helio,8.0,128.0,4000.0,33.0,1,6.44,1080.0,2400.0,,water drop notch,1.0,64.0,16.0,3.0,1.0,0.0,,android
67.0,samsung galaxy f14,14990.0,1.0,0,0,1,,8.0,,4.0,64.0,5000.0,25.0,1,6.62,2408.0,1080.0,,punch hole,1.0,50.0,16.0,3.0,1.0,0.0,1024.0,android
85.0,vivo v20,23269.0,1.0,0,0,0,2.3,8.0,snapdragon,8.0,128.0,4000.0,33.0,1,6.44,1080.0,2400.0,,water drop notch,1.0,64.0,44.0,3.0,1.0,0.0,1024.0,android
75.0,xiaomi redmi note 9 pro,13999.0,1.0,0,1,0,2.3,8.0,snapdragon,4.0,64.0,5020.0,18.0,1,6.67,1080.0,2400.0,,punch hole,1.0,48.0,16.0,4.0,1.0,0.0,512.0,android
,samsung guru music 2,1949.0,1.0,0,0,0,,,,,,800.0,,0,2.0,128.0,160.0,,,0.0,0.0,0.0,0.0,1.0,0.0,16.0,
,itel magicx pro,2799.0,1.0,0,0,0,1.0,,,0.0625,0.125,2500.0,,0,2.4,320.0,240.0,,,1.0,0.3,0.0,1.0,1.0,0.0,64.0,
85.0,oneplus 10r prime edition,35389.0,1.0,1,0,1,2.85,8.0,dimensity,8.0,128.0,5000.0,80.0,1,6.7,1080.0,2412.0,120.0,punch hole,1.0,50.0,16.0,3.0,,,,
,google pixel 6 pro,79700.0,1.0,1,0,1,2.8,8.0,google,12.0,256.0,5003.0,30.0,1,6.71,1440.0,3120.0,120.0,punch hole,1.0,50.0,11.1,3.0,,,,
62.0,nokia c31,9499.0,1.0,0,0,0,1.6,8.0,unisoc,3.0,32.0,5050.0,10.0,1,6.74,720.0,1600.0,,water drop notch,1.0,13.0,5.0,3.0,1.0,0.0,256.0,android
76.0,infinix hot 12 pro,12340.0,1.0,0,0,0,2.0,8.0,unisoc,8.0,128.0,5000.0,18.0,1,6.6,720.0,1612.0,90.0,water drop notch,1.0,50.0,8.0,2.0,1.0,0.0,256.0,android
74.0,poco m5,10799.0,1.0,0,1,0,2.2,8.0,helio,4.0,64.0,5000.0,18.0,1,6.58,1080.0,2400.0,90.0,water drop notch,1.0,50.0,8.0,3.0,1.0,0.0,512.0,android
73.0,xiaomi redmi 10c,14990.0,1.0,0,0,0,2.4,8.0,snapdragon,4.0,128.0,6000.0,18.0,1,6.7,720.0,1600.0,,water drop notch,1.0,50.0,5.0,2.0,1.0,0.0,512.0,android
89.0,zte axon 40 ultra,61990.0,1.0,1,0,1,3.0,8.0,snapdragon,8.0,128.0,5000.0,65.0,1,6.8,1116.0,2480.0,120.0,,1.0,64.0,16.0,3.0,,,,
,xiaomi 12 pro,51880.0,1.0,1,1,1,3.0,8.0,snapdragon,12.0,256.0,4600.0,120.0,1,6.73,1440.0,3200.0,120.0,punch hole,1.0,50.0,32.0,3.0,,,,
80.0,oppo k10,16990.0,1.0,0,0,0,2.4,8.0,snapdragon,8.0,128.0,5000.0,33.0,1,6.59,1080.0,2412.0,90.0,punch hole,1.0,50.0,16.0,3.0,1.0,0.0,1024.0,android
84.0,huawei nova 9 se,19990.0,1.0,0,0,1,2.4,8.0,snapdragon,8.0,128.0,4000.0,66.0,1,6.78,1080.0,2388.0,90.0,punch hole,1.0,108.0,16.0,4.0,1.0,0.0,,android
87.0,samsung galaxy s22,57999.0,1.0,1,0,1,3.0,8.0,snapdragon,8.0,256.0,3700.0,25.0,1,6.1,1080.0,2340.0,120.0,punch hole,1.0,50.0,10.0,3.0,,,,
87.0,lenovo legion y90,46990.0,1.0,1,0,1,3.0,8.0,snapdragon,12.0,256.0,5600.0,68.0,1,6.92,1080.0,2460.0,144.0,,1.0,64.0,16.0,2.0,,,,
77.0,vivo y55,20990.0,1.0,1,0,1,2.2,8.0,dimensity,4.0,128.0,5000.0,18.0,1,6.58,1080.0,2408.0,,water drop notch,1.0,50.0,8.0,3.0,1.0,0.0,,android
82.0,nokia x100,17990.0,1.0,1,0,1,2.0,8.0,snapdragon,6.0,128.0,4470.0,18.0,1,6.67,1080.0,2400.0,,punch hole,1.0,48.0,16.0,4.0,1.0,0.0,1000.0,android
82.0,realme 8s,17499.0,1.0,1,0,0,2.4,8.0,dimensity,8.0,128.0,5000.0,33.0,1,6.5,1080.0,2400.0,90.0,punch hole,1.0,64.0,16.0,3.0,1.0,0.0,1024.0,android
80.0,realme 8s,17999.0,1.0,1,0,0,2.4,8.0,dimensity,6.0,128.0,5000.0,33.0,1,6.5,1080.0,2400.0,90.0,punch hole,1.0,64.0,16.0,3.0,1.0,0.0,1024.0,android
,nokia x60 pro,49990.0,1.0,1,0,0,3.2,8.0,snapdragon,8.0,128.0,6000.0,44.0,1,6.51,1080.0,2408.0,144.0,punch hole,1.0,200.0,32.0,4.0,1.0,0.0,,android
,itel magic 2,2399.0,1.0,0,0,0,,,,,,,,0,,,,,,,,,,,,,
74.0,poco x5,14999.0,1.0,1,1,0,2.2,8.0,snapdragon,4.0,128.0,5000.0,33.0,1,6.67,1080.0,2400.0,120.0,punch hole,1.0,48.0,8.0,3.0,0.0,0.0,0.0,android
82.0,xiaomi redmi note 10 pro max,19980.0,1.0,0,1,0,2.3,8.0,snapdragon,6.0,128.0,5020.0,33.0,1,6.67,1080.0,2400.0,120.0,punch hole,1.0,108.0,16.0,4.0,1.0,0.0,512.0,android
85.0,iqoo 7,35990.0,1.0,1,0,1,3.2,8.0,snapdragon,12.0,256.0,4400.0,66.0,1,6.62,1080.0,2400.0,120.0,punch hole,1.0,48.0,16.0,3.0,,,,
78.0,realme 8,15999.0,1.0,0,0,0,2.0,8.0,helio,4.0,128.0,5000.0,30.0,1,6.4,1080.0,2400.0,,punch hole,1.0,64.0,16.0,4.0,1.0,0.0,256.0,android
88.0,samsung galaxy s20,41999.0,1.0,0,0,1,2.73,8.0,exynos,8.0,128.0,4000.0,25.0,1,6.2,1440.0,3200.0,120.0,punch hole,1.0,64.0,10.0,3.0,1.0,1.0,1024.0,android
83.0,xiaomi redmi k60e,25999.0,1.0,1,1,1,3.1,8.0,dimensity,8.0,128.0,5500.0,67.0,1,6.67,1440.0,3200.0,120.0,punch hole,1.0,48.0,20.0,3.0,,,,
65.0,motorola moto e32s,7990.0,1.0,0,0,0,1.8,8.0,helio,3.0,32.0,5000.0,18.0,1,6.5,720.0,1600.0,90.0,punch hole,1.0,16.0,8.0,3.0,1.0,0.0,1024.0,android
84.0,oneplus nord 3t,29990.0,1.0,1,0,1,3.0,8.0,dimensity,8.0,128.0,4500.0,80.0,1,6.43,1080.0,2400.0,90.0,punch hole,1.0,50.0,32.0,3.0,,,,
83.0,oppo f23 pro plus,27990.0,1.0,1,0,0,2.36,8.0,snapdragon,8.0,128.0,4500.0,65.0,1,6.43,1080.0,2460.0,90.0,punch hole,1.0,50.0,16.0,4.0,1.0,0.0,256.0,android
84.0,poco f5 pro,29999.0,1.0,1,1,1,3.2,8.0,snapdragon,8.0,128.0,5500.0,67.0,1,6.67,1440.0,3200.0,120.0,punch hole,1.0,64.0,16.0,3.0,,,,
68.0,oppo a16e,8999.0,1.0,0,0,0,2.0,8.0,helio,4.0,64.0,4230.0,,0,6.52,720.0,1600.0,,water drop notch,1.0,13.0,5.0,1.0,1.0,1.0,1024.0,android
81.0,poco m4 pro,13999.0,1.0,0,1,0,2.05,8.0,helio,8.0,128.0,5000.0,33.0,1,6.43,1080.0,2400.0,90.0,punch hole,1.0,64.0,16.0,3.0,1.0,0.0,1024.0,android
71.0,realme narzo 50a,11499.0,1.0,0,0,0,2.0,8.0,helio,4.0,64.0,6000.0,18.0,1,6.5,720.0,1600.0,,water drop notch,1.0,50.0,8.0,3.0,1.0,0.0,256.0,android
87.0,asus rog phone 5s,39999.0,1.0,1,0,1,2.9,8.0,snapdragon,8.0,128.0,6000.0,65.0,1,6.78,1080.0,2448.0,144.0,,1.0,64.0,24.0,3.0,,,,
84.0,realme gt master edition,27999.0,1.0,1,0,1,2.4,8.0,snapdragon,8.0,128.0,4300.0,65.0,1,6.43,1080.0,2400.0,120.0,punch hole,1.0,64.0,32.0,3.0,,,,
79.0,samsung galaxy a32,24499.0,1.0,1,0,1,2.0,8.0,dimensity,6.0,128.0,5000.0,15.0,1,6.5,720.0,1600.0,90.0,water drop notch,1.0,48.0,13.0,4.0,1.0,1.0,1024.0,android
86.0,nubia red magic 8 pro plus,60999.0,1.0,1,0,1,3.2,8.0,snapdragon,12.0,256.0,5000.0,165.0,1,6.8,1116.0,2480.0,120.0,,1.0,50.0,16.0,3.0,,,,
89.0,samsung galaxy z fold 3,110999.0,1.0,1,0,1,2.84,8.0,snapdragon,12.0,256.0,4400.0,25.0,1,7.6,1768.0,2208.0,120.0,punch hole,,,,2.0,,,,android
89.0,lg wing,54999.0,1.0,1,0,1,2.4,8.0,snapdragon,8.0,128.0,4000.0,,1,6.8,1080.0,2460.0,,,,,,2.0,,,,
80.0,xiaomi redmi note 9 pro max,16490.0,1.0,0,1,0,2.3,8.0,snapdragon,6.0,64.0,5020.0,33.0,1,6.67,1080.0,2400.0,,punch hole,1.0,64.0,32.0,4.0,1.0,0.0,512.0,android
83.0,samsung galaxy a52,24990.0,1.0,0,0,0,2.3,8.0,snapdragon,6.0,128.0,4500.0,25.0,1,6.5,1080.0,2400.0,90.0,punch hole,1.0,64.0,32.0,4.0,1.0,0.0,1024.0,android
,nokia 105,1299.0,0.0,0,0,0,,,,0.0039,0.0039,800.0,,0,1.77,120.0,160.0,,,0.0,0.0,0.0,0.0,,,,
,vivo y71,25000.0,1.0,0,0,0,1.4,4.0,snapdragon,3.0,16.0,3360.0,,0,6.0,720.0,1440.0,,,1.0,13.0,5.0,1.0,1.0,0.0,,android
,lyf c459,1999.0,1.0,0,0,0,1.1,4.0,snapdragon,1.0,8.0,2000.0,,0,4.5,480.0,854.0,,,1.0,5.0,2.0,1.0,1.0,0.0,32.0,android
66.0,samsung galaxy a04e,9950.0,1.0,0,0,0,2.3,8.0,helio,3.0,64.0,5000.0,,0,6.5,720.0,1600.0,,water drop notch,1.0,13.0,5.0,2.0,1.0,0.0,1024.0,android
75.0,oppo a56s,12999.0,1.0,1,0,0,2.4,8.0,dimensity,8.0,128.0,5000.0,,0,6.56,720.0,1612.0,,water drop notch,1.0,13.0,8.0,2.0,1.0,0.0,,android
83.0,oppo reno 8t,19999.0,1.0,0,0,1,2.2,8.0,helio,8.0,256.0,5000.0,66.0,1,6.67,1080.0,2400.0,120.0,punch hole,1.0,50.0,16.0,3.0,1.0,0.0,1024.0,android
84.0,oppo reno 10,32999.0,1.0,1,0,1,2.5,8.0,snapdragon,8.0,256.0,5000.0,120.0,1,6.73,1080.0,2412.0,120.0,punch hole,1.0,50.0,32.0,3.0,,,,
81.0,nokia g60,28498.0,1.0,1,0,1,2.2,8.0,snapdragon,6.0,128.0,4500.0,20.0,1,6.58,1080.0,2400.0,120.0,water drop notch,1.0,50.0,8.0,3.0,1.0,1.0,,android
71.0,oppo a77,15998.0,1.0,0,0,0,2.3,8.0,helio,4.0,128.0,5000.0,33.0,1,6.56,720.0,1600.0,,water drop notch,1.0,50.0,8.0,2.0,1.0,0.0,,android
,nokia,3749.0,1.0,0,0,0,,,,,,,,0,,,,,,,,,,,,,
89.0,motorola edge 40 pro,59990.0,1.0,1,0,1,3.2,8.0,snapdragon,8.0,128.0,4800.0,125.0,1,6.7,1080.0,2460.0,165.0,punch hole,1.0,50.0,60.0,3.0,,,,
78.0,oppo k10x,16990.0,1.0,1,0,0,2.2,8.0,snapdragon,6.0,128.0,5000.0,67.0,1,6.59,1080.0,2412.0,120.0,punch hole,1.0,64.0,16.0,3.0,,,,
82.0,iqoo z6 pro,27999.0,1.0,1,0,0,2.4,8.0,snapdragon,12.0,256.0,4700.0,66.0,1,6.44,1080.0,2404.0,90.0,water drop notch,1.0,64.0,16.0,3.0,0.0,0.0,0.0,android
75.0,nokia g21,13499.0,1.0,0,0,0,1.6,8.0,unisoc,6.0,128.0,5050.0,18.0,1,6.5,720.0,1600.0,90.0,water drop notch,1.0,50.0,8.0,3.0,1.0,0.0,512.0,android
78.0,samsung galaxy a13,16499.0,1.0,0,0,0,2.0,8.0,,6.0,128.0,5000.0,25.0,1,6.6,1080.0,2408.0,,water drop notch,1.0,50.0,8.0,4.0,1.0,0.0,1024.0,android
66.0,oppo a16k,10999.0,1.0,0,0,0,2.3,8.0,helio,4.0,64.0,4230.0,,0,6.52,720.0,1600.0,,water drop notch,1.0,13.0,5.0,1.0,1.0,0.0,256.0,android
71.0,xiaomi redmi 10c,13990.0,1.0,0,0,0,2.4,8.0,snapdragon,4.0,64.0,6000.0,18.0,1,6.7,720.0,1600.0,,water drop notch,1.0,50.0,5.0,2.0,1.0,0.0,512.0,android
74.0,tecno spark 9 pro,9999.0,1.0,0,0,0,2.0,8.0,helio,4.0,64.0,5000.0,18.0,1,6.6,1080.0,2460.0,90.0,water drop notch,1.0,48.0,32.0,3.0,1.0,0.0,,android
83.0,realme gt neo 3,31994.0,1.0,1,0,1,2.85,8.0,dimensity,8.0,128.0,5000.0,80.0,1,6.7,1080.0,2412.0,120.0,punch hole,1.0,50.0,16.0,3.0,,,,
83.0,xiaomi 11i hypercharge,24820.0,1.0,1,1,0,2.5,8.0,dimensity,6.0,128.0,4500.0,120.0,1,6.67,2400.0,1080.0,120.0,punch hole,1.0,108.0,16.0,3.0,1.0,1.0,1024.0,android
83.0,iqoo neo 6 se,22990.0,1.0,1,0,0,3.2,8.0,snapdragon,8.0,128.0,4700.0,80.0,1,6.62,1080.0,2400.0,120.0,punch hole,1.0,64.0,16.0,3.0,0.0,0.0,0.0,android
88.0,iqoo 9 pro,59990.0,1.0,1,0,1,3.0,8.0,snapdragon,8.0,256.0,4700.0,120.0,1,6.78,1440.0,3200.0,120.0,punch hole,1.0,50.0,16.0,3.0,,,,
62.0,realme narzo 50i,8999.0,1.0,0,0,0,1.6,8.0,unisoc,4.0,64.0,5000.0,,0,6.5,720.0,1600.0,,water drop notch,1.0,8.0,5.0,1.0,1.0,0.0,256.0,android
72.0,xiaomi redmi 9 activ,10499.0,1.0,0,0,0,2.3,8.0,helio,6.0,128.0,5000.0,,0,6.53,720.0,1600.0,,water drop notch,1.0,13.0,5.0,2.0,1.0,0.0,512.0,android
,jio jiophone next,7499.0,1.0,0,0,0,1.3,4.0,snapdragon,3.0,32.0,3000.0,,0,5.5,720.0,1440.0,,,1.0,13.0,8.0,1.0,1.0,0.0,,android
75.0,xiaomi redmi note 8,9990.0,1.0,0,1,0,2.0,8.0,helio,4.0,64.0,4000.0,18.0,1,6.3,1080.0,2340.0,,water drop notch,1.0,48.0,13.0,4.0,1.0,0.0,,android
76.0,xiaomi redmi note 10,12490.0,1.0,1,1,0,2.2,8.0,dimensity,4.0,128.0,5000.0,18.0,1,6.5,1080.0,2400.0,90.0,punch hole,1.0,48.0,8.0,3.0,1.0,0.0,512.0,android
69.0,vivo y20g,13990.0,1.0,0,0,0,2.0,8.0,helio,4.0,64.0,5000.0,18.0,1,6.51,720.0,1600.0,,water drop notch,1.0,13.0,8.0,3.0,1.0,0.0,256.0,android
79.0,samsung galaxy a22,17990.0,1.0,1,0,0,2.2,8.0,dimensity,6.0,128.0,5000.0,15.0,1,6.6,1080.0,2408.0,90.0,water drop notch,1.0,48.0,8.0,3.0,1.0,0.0,1024.0,android
83.0,vivo v21,24999.0,1.0,0,0,0,2.4,8.0,dimensity,8.0,128.0,4000.0,33.0,1,6.44,1080.0,2400.0,90.0,water drop notch,1.0,64.0,44.0,3.0,1.0,1.0,,android
85.0,realme 7 pro,21999.0,1.0,0,0,0,2.3,8.0,snapdragon,8.0,128.0,4500.0,65.0,1,6.4,1080.0,2400.0,,punch hole,1.0,64.0,32.0,4.0,1.0,0.0,256.0,android
77.0,oneplus nord lite,19999.0,1.0,0,0,0,2.0,8.0,snapdragon,8.0,128.0,4300.0,30.0,1,6.55,1080.0,2400.0,90.0,punch hole,1.0,48.0,16.0,3.0,0.0,0.0,0.0,android
,samsung galaxy s20 ultra,99999.0,1.0,1,0,1,2.73,8.0,exynos,12.0,128.0,5000.0,45.0,1,6.9,1440.0,3200.0,,punch hole,1.0,108.0,40.0,4.0,1.0,1.0,1024.0,android
77.0,apple iphone 11 pro max,109900.0,1.0,0,0,1,2.65,6.0,bionic,4.0,64.0,3500.0,18.0,1,6.5,1242.0,2688.0,,large notch,1.0,12.0,12.0,3.0,0.0,0.0,0.0,ios
,apple iphone 7s,52990.0,0.0,0,0,0,2.37,4.0,bionic,3.0,32.0,2230.0,,0,4.7,750.0,1334.0,,,1.0,13.0,7.0,1.0,,,,
,namotel achhe din,99.0,1.0,0,0,0,,,,,,,,0,,,,,,,,,,,,,
80.0,sony xperia ace iv,19990.0,1.0,0,0,1,2.0,8.0,snapdragon,8.0,128.0,5000.0,33.0,1,6.5,1080.0,2400.0,120.0,,1.0,50.0,16.0,2.0,1.0,1.0,1024.0,android
69.0,samsung galaxy a04e,11499.0,1.0,0,0,0,2.3,8.0,helio,4.0,128.0,5000.0,,0,6.5,720.0,1600.0,,water drop notch,1.0,13.0,5.0,2.0,1.0,0.0,1024.0,android
,eunity u1 5605n,699.0,1.0,0,0,0,,,,,,,,0,,,,,,,,,,,,,
75.0,xiaomi redmi note 12,13999.0,1.0,0,1,0,2.2,8.0,helio,4.0,64.0,5000.0,33.0,1,6.67,1080.0,2400.0,120.0,punch hole,1.0,48.0,13.0,3.0,1.0,1.0,1024.0,android
82.0,oukitel wp21,22990.0,1.0,0,0,0,2.2,8.0,helio,12.0,256.0,9800.0,66.0,1,6.78,1080.0,2400.0,120.0,,,,,2.0,,,,
84.0,vivo v28,28990.0,1.0,1,0,0,2.2,8.0,snapdragon,8.0,256.0,5000.0,80.0,1,6.7,1080.0,2400.0,120.0,water drop notch,1.0,108.0,32.0,3.0,1.0,0.0,,android
85.0,poco f4,27999.0,1.0,1,0,1,3.2,8.0,snapdragon,8.0,128.0,4500.0,67.0,1,6.67,1080.0,2400.0,120.0,punch hole,1.0,64.0,20.0,3.0,,,,
82.0,xiaomi redmi note 11t pro,19990.0,1.0,1,1,1,2.85,8.0,dimensity,6.0,128.0,5080.0,67.0,1,6.6,1080.0,2460.0,144.0,punch hole,1.0,64.0,16.0,3.0,1.0,1.0,1024.0,android
83.0,realme narzo 50 pro,22999.0,1.0,1,0,0,2.5,8.0,dimensity,8.0,128.0,5000.0,33.0,1,6.4,1080.0,2400.0,90.0,punch hole,1.0,48.0,16.0,3.0,1.0,1.0,1024.0,android
82.0,vivo t1 44w,17999.0,1.0,0,0,0,2.4,8.0,snapdragon,8.0,128.0,5000.0,44.0,1,6.44,1080.0,2408.0,,water drop notch,1.0,50.0,16.0,3.0,1.0,1.0,1024.0,android
81.0,xiaomi redmi note 11s,15499.0,1.0,0,1,0,2.05,8.0,helio,6.0,128.0,5000.0,33.0,1,6.43,1080.0,2400.0,90.0,punch hole,1.0,108.0,16.0,4.0,1.0,0.0,512.0,android
84.0,lava agni,17990.0,1.0,1,0,0,2.4,8.0,dimensity,8.0,128.0,5000.0,30.0,1,6.78,1080.0,2460.0,90.0,punch hole,1.0,64.0,16.0,4.0,1.0,1.0,1024.0,android
77.0,realme 8i,13999.0,1.0,0,0,0,2.05,8.0,helio,6.0,128.0,5000.0,18.0,1,6.6,1080.0,2412.0,120.0,punch hole,1.0,50.0,16.0,3.0,1.0,0.0,256.0,android
73.0,oppo a55,13499.0,1.0,0,0,0,2.3,8.0,helio,4.0,64.0,5000.0,18.0,1,6.51,720.0,1600.0,,punch hole,1.0,50.0,16.0,3.0,1.0,0.0,256.0,android
79.0,poco m3 pro,14799.0,1.0,1,1,0,2.2,8.0,dimensity,6.0,128.0,5000.0,18.0,1,6.5,1080.0,2400.0,90.0,punch hole,1.0,48.0,8.0,3.0,1.0,1.0,1024.0,android
62.0,realme c21y,6999.0,1.0,0,0,0,1.8,8.0,unisoc,3.0,32.0,5000.0,,0,6.5,720.0,1600.0,,water drop notch,1.0,13.0,5.0,3.0,1.0,0.0,256.0,android
69.0,oppo a16,11999.0,1.0,0,0,0,2.3,8.0,helio,4.0,64.0,5000.0,,0,6.52,720.0,1600.0,,water drop notch,1.0,13.0,8.0,3.0,1.0,0.0,,android
85.0,vivo v21,23994.0,1.0,1,0,0,2.4,8.0,dimensity,8.0,128.0,4000.0,33.0,1,6.44,1080.0,2400.0,90.0,water drop notch,1.0,64.0,44.0,3.0,1.0,1.0,,android
,nokia 225,3589.0,1.0,0,0,0,,,unisoc,0.0625,0.125,1150.0,,0,2.4,240.0,320.0,,,1.0,0.3,0.0,1.0,1.0,0.0,32.0,other
80.0,apple iphone 12 pro,139900.0,1.0,1,0,1,3.1,6.0,bionic,6.0,512.0,,,0,,,,,,,,,,,,,
89.0,sony xperia 1 ii,69999.0,1.0,1,0,1,2.84,8.0,snapdragon,8.0,256.0,4000.0,21.0,1,6.5,1644.0,3840.0,,,1.0,12.0,8.0,4.0,1.0,1.0,,android
89.0,motorola edge plus,57999.0,0.0,1,0,1,2.84,8.0,snapdragon,12.0,256.0,5000.0,18.0,1,6.7,1080.0,2340.0,90.0,punch hole,1.0,108.0,25.0,3.0,,,,
87.0,samsung galaxy note 20,86000.0,1.0,0,0,1,2.73,8.0,exynos,8.0,256.0,4300.0,25.0,1,6.7,1080.0,2400.0,,punch hole,1.0,64.0,10.0,3.0,,,,
71.0,samsung galaxy a12,11999.0,1.0,0,0,0,2.3,8.0,helio,4.0,64.0,5000.0,15.0,1,6.5,720.0,1560.0,,water drop notch,1.0,48.0,8.0,4.0,1.0,0.0,,android
77.0,xiaomi redmi note 12 pro,14999.0,1.0,0,1,1,2.3,8.0,snapdragon,6.0,128.0,5000.0,67.0,1,6.67,1080.0,2400.0,120.0,punch hole,1.0,50.0,16.0,3.0,,,,
81.0,realme gt neo 3t,26499.0,1.0,1,0,0,3.2,8.0,snapdragon,8.0,128.0,5000.0,80.0,1,6.62,1080.0,2400.0,120.0,punch hole,1.0,64.0,16.0,3.0,,,,
62.0,realme c30s,8990.0,1.0,0,0,0,1.6,8.0,unisoc,4.0,64.0,5000.0,10.0,1,6.5,720.0,1600.0,,water drop notch,1.0,8.0,5.0,1.0,1.0,0.0,1024.0,android
82.0,apple iphone 14,95999.0,1.0,1,0,1,3.22,6.0,bionic,6.0,512.0,3279.0,,1,6.1,1170.0,2532.0,,small notch,1.0,12.0,12.0,2.0,0.0,0.0,0.0,ios
85.0,iqoo 9t,47990.0,1.0,1,1,1,3.2,8.0,snapdragon,8.0,128.0,4700.0,120.0,1,6.78,1080.0,2400.0,120.0,punch hole,1.0,50.0,16.0,3.0,,,,
81.0,tecno camon 19 pro,17990.0,1.0,0,0,0,2.05,8.0,helio,8.0,128.0,5000.0,33.0,1,6.8,1080.0,2460.0,120.0,punch hole,1.0,64.0,32.0,3.0,,,,
83.0,oneplus nord 2 lite,22999.0,1.0,1,0,1,2.2,8.0,snapdragon,8.0,128.0,5000.0,33.0,1,6.59,1080.0,2412.0,120.0,punch hole,1.0,64.0,16.0,3.0,1.0,0.0,,android
,nokia 105 plus,1299.0,1.0,0,0,0,,,,,,,,0,,,,,,,,,,,,,
,samsung galaxy s22 ultra,99990.0,1.0,1,0,1,3.0,8.0,snapdragon,8.0,128.0,5000.0,45.0,1,6.8,1440.0,3080.0,120.0,punch hole,1.0,108.0,40.0,4.0,,,,
86.0,poco f4 gt,39999.0,1.0,1,1,1,3.0,8.0,snapdragon,8.0,128.0,4700.0,120.0,1,6.67,1080.0,2400.0,120.0,punch hole,1.0,64.0,20.0,3.0,0.0,0.0,0.0,android
88.0,xiaomi 11t pro,38999.0,1.0,1,1,1,2.84,8.0,snapdragon,12.0,256.0,5000.0,120.0,1,6.67,1080.0,2400.0,120.0,punch hole,1.0,108.0,16.0,3.0,,,,
63.0,vivo y10,12490.0,1.0,0,0,0,2.3,8.0,helio,4.0,128.0,5000.0,,0,6.51,720.0,1600.0,,water drop notch,1.0,13.0,8.0,2.0,,,,
,nokia 2760 flip,5490.0,1.0,0,0,0,,,,,,,,0,,,,,,,,,,,,,
86.0,samsung galaxy a83,39990.0,1.0,1,0,1,3.2,8.0,snapdragon,6.0,128.0,4500.0,25.0,1,6.71,1440.0,3200.0,120.0,punch hole,1.0,64.0,10.0,3.0,1.0,0.0,1024.0,android
,motorola moto a10,1339.0,1.0,0,0,0,,,,,,,,0,,,,,,,,,,,,,
80.0,vivo y33s,16685.0,1.0,0,0,0,2.0,8.0,helio,8.0,128.0,5000.0,18.0,1,6.58,1080.0,2408.0,,water drop notch,1.0,50.0,16.0,3.0,1.0,0.0,1024.0,android
,huawei mate 40 pro,69990.0,1.0,0,1,1,3.13,8.0,kirin,8.0,128.0,4400.0,66.0,1,6.76,1344.0,2772.0,90.0,punch hole,1.0,50.0,13.0,3.0,1.0,1.0,256.0,
66.0,micromax in 2b,6999.0,1.0,0,0,0,1.8,8.0,unisoc,4.0,64.0,5000.0,,0,6.52,720.0,1600.0,,water drop notch,1.0,13.0,5.0,2.0,1.0,0.0,256.0,android
86.0,asus rog phone 6,71999.0,1.0,1,0,1,3.2,8.0,snapdragon,12.0,256.0,6000.0,65.0,1,6.78,1080.0,2448.0,165.0,,1.0,50.0,12.0,3.0,0.0,0.0,0.0,android
84.0,realme x7 max,26999.0,1.0,1,0,1,3.0,8.0,dimensity,8.0,128.0,4500.0,50.0,1,6.43,1080.0,2400.0,120.0,punch hole,1.0,64.0,16.0,3.0,,,,
75.0,realme 8,16499.0,1.0,1,0,0,2.2,8.0,dimensity,4.0,128.0,5000.0,18.0,1,6.5,1080.0,2400.0,90.0,punch hole,1.0,48.0,16.0,3.0,1.0,0.0,1024.0,android
74.0,oppo a55,17990.0,1.0,1,0,0,2.2,8.0,dimensity,6.0,128.0,5000.0,,0,6.5,720.0,1600.0,,water drop notch,1.0,13.0,8.0,3.0,1.0,0.0,,android
68.0,xiaomi redmi 9,8999.0,1.0,0,0,0,2.3,8.0,helio,4.0,64.0,5000.0,,0,6.53,720.0,1600.0,,water drop notch,1.0,13.0,5.0,2.0,1.0,0.0,512.0,android
63.0,apple iphone se,39900.0,1.0,0,0,1,2.65,6.0,bionic,3.0,64.0,1821.0,18.0,1,4.7,750.0,1334.0,,,1.0,12.0,7.0,1.0,,,,
,zanco tiny t1,2799.0,0.0,0,0,0,,,,,,,,0,,,,,,,,,,,,,
60.0,letv y1 pro plus,5999.0,1.0,0,0,0,1.8,4.0,unisoc,6.0,64.0,4000.0,10.0,1,6.5,720.0,1560.0,,small notch,1.0,8.0,5.0,2.0,,,,
76.0,oneplus nord 5,34999.0,1.0,1,0,1,,8.0,dimensity,8.0,128.0,5000.0,120.0,1,6.57,1080.0,2400.0,120.0,punch hole,1.0,64.0,32.0,3.0,,,,
77.0,vivo y73t,16990.0,1.0,1,0,0,2.0,8.0,dimensity,8.0,128.0,6000.0,44.0,1,6.58,1080.0,2408.0,,water drop notch,1.0,50.0,8.0,2.0,0.0,0.0,0.0,android
84.0,oppo reno 9 z,22990.0,1.0,1,0,1,2.2,8.0,snapdragon,8.0,128.0,4800.0,33.0,1,6.58,1080.0,2400.0,120.0,punch hole,1.0,50.0,32.0,3.0,1.0,0.0,,android
84.0,vivo v25e,19990.0,1.0,0,0,0,2.2,8.0,helio,8.0,256.0,4500.0,44.0,1,6.44,1080.0,2400.0,90.0,punch hole,1.0,64.0,32.0,3.0,1.0,1.0,,android
74.0,infinix hot 12 pro,10850.0,1.0,0,0,0,2.0,8.0,unisoc,6.0,64.0,5000.0,18.0,1,6.6,720.0,1612.0,90.0,water drop notch,1.0,50.0,8.0,2.0,1.0,0.0,256.0,android
75.0,realme narzo 50,13499.0,1.0,1,0,0,2.4,8.0,dimensity,4.0,64.0,5000.0,33.0,1,6.6,1080.0,2400.0,90.0,punch hole,1.0,48.0,16.0,3.0,1.0,0.0,1024.0,android
,itel it2163s,958.0,1.0,0,0,0,,,,,,,,0,,,,,,,,,,,,,
61.0,itel vision 3,6699.0,1.0,0,0,0,1.6,8.0,unisoc,3.0,64.0,5000.0,18.0,1,6.6,1612.0,720.0,,water drop notch,1.0,8.0,5.0,2.0,1.0,0.0,128.0,android
80.0,oppo a96,17999.0,1.0,0,0,0,2.4,8.0,snapdragon,8.0,128.0,5000.0,33.0,1,6.59,1080.0,2412.0,90.0,punch hole,1.0,50.0,16.0,2.0,1.0,0.0,,android
69.0,xiaomi redmi note 11e,13990.0,1.0,1,1,0,2.2,8.0,dimensity,4.0,128.0,5000.0,18.0,1,6.58,1080.0,2408.0,90.0,punch hole,1.0,50.0,5.0,2.0,0.0,0.0,0.0,android
,honor magic 4 pro plus,94990.0,1.0,1,0,1,3.0,8.0,snapdragon,12.0,512.0,4600.0,120.0,1,6.76,1344.0,2772.0,120.0,punch hole,1.0,50.0,13.0,4.0,,,,
72.0,tecno spark 9t,8968.0,1.0,0,0,0,2.3,8.0,helio,4.0,64.0,5000.0,18.0,1,6.6,1080.0,2408.0,,water drop notch,1.0,50.0,8.0,3.0,1.0,0.0,,android
60.0,infinix smart 6,7320.0,1.0,0,0,0,2.0,4.0,helio,2.0,64.0,5000.0,,0,6.6,720.0,1600.0,,water drop notch,1.0,8.0,5.0,2.0,1.0,0.0,512.0,android
69.0,realme c25y,8999.0,1.0,0,0,0,1.8,8.0,unisoc,4.0,64.0,5000.0,18.0,1,6.5,1600.0,720.0,,water drop notch,1.0,50.0,8.0,3.0,1.0,0.0,256.0,android
75.0,samsung galaxy a12,13999.0,1.0,0,0,0,2.3,8.0,helio,6.0,128.0,5000.0,15.0,1,6.5,720.0,1560.0,,water drop notch,1.0,48.0,8.0,4.0,1.0,0.0,,android
79.0,tecno camon 19,14746.0,1.0,0,0,1,2.0,8.0,helio,6.0,128.0,5000.0,18.0,1,6.8,1080.0,2460.0,,punch hole,1.0,64.0,16.0,3.0,1.0,0.0,512.0,android
83.0,xiaomi redmi note 10 pro,16999.0,1.0,1,1,1,2.6,8.0,dimensity,6.0,128.0,5000.0,67.0,1,6.6,1080.0,2400.0,120.0,punch hole,1.0,64.0,16.0,3.0,1.0,0.0,,android
83.0,xiaomi mi 11x,25990.0,1.0,1,1,0,3.2,8.0,snapdragon,8.0,128.0,4520.0,33.0,1,6.67,1080.0,2400.0,120.0,punch hole,1.0,48.0,20.0,3.0,,,,
78.0,xiaomi redmi note 10,16499.0,1.0,0,1,0,2.2,8.0,snapdragon,6.0,128.0,5000.0,33.0,1,6.43,1080.0,2400.0,,punch hole,1.0,48.0,13.0,4.0,1.0,0.0,512.0,android
81.0,xiaomi redmi note 10 pro max,19999.0,1.0,0,1,0,2.3,8.0,snapdragon,6.0,64.0,5020.0,33.0,1,6.67,1080.0,2400.0,120.0,punch hole,1.0,108.0,16.0,4.0,1.0,0.0,512.0,android
80.0,xiaomi mi 10t,23500.0,1.0,1,0,1,2.84,8.0,snapdragon,6.0,128.0,5000.0,33.0,1,6.67,2400.0,1080.0,144.0,punch hole,1.0,64.0,20.0,3.0,,,,
85.0,lg velvet,54999.0,1.0,1,0,1,2.4,8.0,snapdragon,6.0,128.0,4300.0,25.0,1,6.8,1080.0,2460.0,,water drop notch,1.0,48.0,16.0,3.0,1.0,1.0,,android
80.0,motorola one fusion plus,19499.0,1.0,0,0,0,2.2,8.0,snapdragon,6.0,128.0,5000.0,18.0,1,6.5,1080.0,2340.0,,,1.0,64.0,16.0,4.0,1.0,1.0,1024.0,android
,lg v60 thinq,79990.0,1.0,1,0,1,2.84,8.0,snapdragon,8.0,128.0,5000.0,,1,6.8,1080.0,2460.0,,punch hole,,,,2.0,,,,
83.0,samsung galaxy note 10 lite,39999.0,1.0,0,0,1,2.7,8.0,exynos,6.0,128.0,4500.0,25.0,1,6.7,1080.0,2400.0,,punch hole,1.0,12.0,32.0,3.0,1.0,1.0,1024.0,android
89.0,samsung galaxy note 10 plus,92999.0,1.0,1,1,1,2.7,8.0,exynos,12.0,256.0,4300.0,,1,6.8,1440.0,3040.0,,punch hole,1.0,12.0,10.0,4.0,1.0,1.0,512.0,android
,xiaomi qin 1,1799.0,1.0,0,0,0,,,helio,0.0078,0.0156,1480.0,,0,2.8,240.0,320.0,,,0.0,0.0,0.0,0.0,,,,
84.0,iqoo neo 7 racing edition,32990.0,1.0,1,1,1,3.2,8.0,snapdragon,8.0,256.0,5000.0,120.0,1,6.78,1080.0,2400.0,120.0,punch hole,1.0,50.0,16.0,3.0,,,,
72.0,samsung galaxy a04s,14499.0,1.0,0,0,0,2.0,8.0,exynos,4.0,128.0,5000.0,15.0,1,6.5,720.0,1600.0,90.0,water drop notch,1.0,50.0,5.0,3.0,1.0,0.0,1024.0,android
70.0,vivo y35,13999.0,1.0,1,0,0,2.2,8.0,dimensity,4.0,128.0,5000.0,15.0,1,6.51,720.0,1600.0,,water drop notch,1.0,13.0,5.0,2.0,1.0,0.0,1024.0,android
,vivo y02,7999.0,1.0,0,0,0,,8.0,helio,2.0,32.0,5000.0,10.0,1,6.51,720.0,1600.0,,water drop notch,1.0,8.0,5.0,1.0,1.0,0.0,1024.0,android
,itel vision 3,5785.0,1.0,0,0,0,1.6,8.0,unisoc,2.0,32.0,5000.0,18.0,1,6.6,1612.0,720.0,,water drop notch,1.0,8.0,5.0,2.0,1.0,0.0,128.0,android
73.0,xiaomi redmi note 11r,12990.0,1.0,1,1,0,2.2,8.0,dimensity,4.0,128.0,5000.0,18.0,1,6.58,1080.0,2400.0,90.0,water drop notch,1.0,13.0,5.0,2.0,1.0,0.0,512.0,android
84.0,poco m6 pro,19990.0,1.0,1,1,0,2.5,8.0,dimensity,8.0,128.0,5100.0,120.0,1,6.73,1080.0,2400.0,120.0,punch hole,1.0,108.0,32.0,3.0,1.0,1.0,1024.0,android
79.0,oppo a97,23990.0,1.0,1,0,0,2.4,8.0,dimensity,12.0,256.0,5000.0,33.0,1,6.56,1080.0,2400.0,90.0,water drop notch,1.0,48.0,8.0,2.0,1.0,0.0,1024.0,android
77.0,samsung galaxy a24,17999.0,1.0,0,0,0,1.8,8.0,exynos,6.0,64.0,4000.0,15.0,1,6.4,1080.0,2408.0,,water drop notch,1.0,48.0,16.0,3.0,1.0,0.0,1024.0,android
80.0,infinix note 13 pro,16999.0,1.0,0,0,0,2.2,8.0,helio,6.0,128.0,5000.0,120.0,1,6.91,1080.0,2460.0,,punch hole,1.0,108.0,16.0,4.0,1.0,0.0,256.0,android
68.0,honor play 30,9999.0,1.0,1,0,0,2.2,8.0,snapdragon,4.0,128.0,5000.0,,0,6.5,720.0,1600.0,,water drop notch,1.0,13.0,5.0,1.0,1.0,1.0,,android
63.0,infinix smart 6 plus,8299.0,1.0,0,0,0,2.0,8.0,helio,3.0,64.0,5000.0,,0,6.82,720.0,1600.0,,water drop notch,1.0,8.0,5.0,2.0,1.0,0.0,512.0,android
89.0,sony xperia 5 iv,82199.0,1.0,1,0,1,3.0,8.0,snapdragon,8.0,256.0,5000.0,30.0,1,6.1,1080.0,2520.0,120.0,,1.0,12.0,12.0,3.0,1.0,1.0,,android
,samsung guru gt-e1215,1850.0,0.0,0,0,0,,,,,,,,0,,,,,,,,,,,,,
84.0,nubia z40 pro,49990.0,1.0,1,0,1,3.0,8.0,snapdragon,8.0,128.0,5000.0,80.0,1,6.67,1080.0,2400.0,144.0,punch hole,1.0,64.0,16.0,3.0,,,,
71.0,nokia g21,11999.0,1.0,0,0,0,1.6,8.0,unisoc,4.0,64.0,5050.0,18.0,1,6.5,720.0,1600.0,90.0,water drop notch,1.0,50.0,8.0,3.0,1.0,0.0,512.0,android
82.0,xiaomi 12 lite,29990.0,1.0,1,0,1,2.4,8.0,snapdragon,6.0,128.0,4300.0,67.0,1,6.55,1080.0,2400.0,120.0,punch hole,1.0,108.0,32.0,3.0,0.0,0.0,0.0,android
,oppo find n,92249.0,1.0,1,0,1,2.84,8.0,snapdragon,8.0,256.0,4500.0,33.0,1,7.1,1792.0,1920.0,120.0,punch hole,,,,2.0,,,,android
84.0,apple iphone 13 pro max,139900.0,1.0,1,0,1,3.22,6.0,bionic,6.0,256.0,4352.0,,1,6.7,1284.0,2778.0,120.0,small notch,1.0,12.0,12.0,3.0,0.0,0.0,0.0,ios
74.0,vivo y21s,14990.0,1.0,0,0,0,2.0,8.0,helio,4.0,128.0,5000.0,18.0,1,6.51,720.0,1600.0,,water drop notch,1.0,50.0,8.0,3.0,1.0,0.0,1024.0,android
79.0,oppo f19s,15988.0,1.0,0,0,0,2.0,8.0,snapdragon,6.0,128.0,5000.0,33.0,1,6.43,1080.0,2400.0,,punch hole,1.0,48.0,16.0,3.0,1.0,0.0,256.0,android
76.0,samsung galaxy m21,11725.0,1.0,0,0,0,2.3,8.0,exynos,4.0,64.0,6000.0,15.0,1,6.4,1080.0,2340.0,,water drop notch,1.0,48.0,20.0,3.0,1.0,0.0,512.0,android
80.0,oppo f19 pro,17994.0,1.0,0,0,0,2.2,8.0,helio,8.0,128.0,4310.0,30.0,1,6.43,1080.0,2400.0,,punch hole,1.0,48.0,16.0,4.0,1.0,0.0,256.0,android
86.0,oppo x,134999.0,0.0,0,0,0,2.84,8.0,snapdragon,8.0,256.0,4000.0,45.0,1,7.4,1440.0,3200.0,,,,,,2.0,,,,android
81.0,oneplus nord n10,25595.0,1.0,1,0,1,2.0,8.0,snapdragon,6.0,128.0,4300.0,30.0,1,6.49,1080.0,2400.0,90.0,punch hole,1.0,64.0,16.0,4.0,1.0,0.0,512.0,android
67.0,gionee m12 pro,7499.0,1.0,0,0,0,1.99,8.0,helio,6.0,128.0,4000.0,,0,6.2,720.0,1520.0,,water drop notch,1.0,16.0,13.0,1.0,1.0,0.0,256.0,android
74.0,poco m2,10890.0,1.0,0,1,0,2.0,8.0,helio,6.0,64.0,5000.0,18.0,1,6.53,1080.0,2340.0,,water drop notch,1.0,13.0,8.0,4.0,1.0,0.0,512.0,android
83.0,oppo f17 pro,18990.0,1.0,0,0,0,2.2,8.0,helio,8.0,128.0,4015.0,30.0,1,6.43,1080.0,2400.0,,dual punch hole,1.0,48.0,16.0,4.0,1.0,0.0,256.0,android
82.0,motorola moto g,19990.0,1.0,1,0,1,2.2,8.0,snapdragon,6.0,128.0,5000.0,20.0,1,6.67,1080.0,2400.0,,punch hole,1.0,48.0,16.0,3.0,1.0,1.0,1024.0,android
80.0,samsung galaxy a50s,15990.0,1.0,0,0,1,2.3,8.0,exynos,4.0,128.0,4000.0,15.0,1,6.4,1080.0,2340.0,,water drop notch,1.0,48.0,32.0,3.0,1.0,0.0,512.0,android
89.0,samsung galaxy note 10 plus,58999.0,1.0,0,0,1,2.73,8.0,exynos,12.0,256.0,4300.0,45.0,1,6.8,1440.0,3040.0,,punch hole,1.0,12.0,10.0,4.0,1.0,1.0,1024.0,android
71.0,vivo y15,12500.0,1.0,0,0,0,2.0,8.0,helio,4.0,64.0,5000.0,,0,6.35,720.0,1544.0,,water drop notch,1.0,13.0,16.0,3.0,1.0,0.0,256.0,android
82.0,vivo s1 pro,29999.0,1.0,0,0,0,2.0,8.0,snapdragon,8.0,128.0,4500.0,18.0,1,6.38,1080.0,2340.0,,water drop notch,1.0,48.0,32.0,4.0,1.0,1.0,256.0,android
86.0,vivo t3 pro,31990.0,1.0,1,0,0,2.7,8.0,snapdragon,8.0,256.0,4700.0,80.0,1,6.67,1080.0,2408.0,120.0,water drop notch,1.0,64.0,32.0,3.0,1.0,1.0,1024.0,android
86.0,vivo v21s,29999.0,1.0,1,0,1,2.4,8.0,dimensity,8.0,128.0,4000.0,33.0,1,6.44,1080.0,2400.0,90.0,water drop notch,1.0,64.0,44.0,3.0,1.0,1.0,,android
,asus rog phone 6d ultimate,107990.0,1.0,1,0,1,3.2,8.0,dimensity,16.0,512.0,6000.0,65.0,1,6.78,1080.0,2448.0,165.0,,,,,2.0,,,,
84.0,motorola moto edge 30 neo,31990.0,1.0,1,0,1,2.2,8.0,snapdragon,8.0,128.0,4020.0,68.0,1,6.28,1080.0,2400.0,120.0,punch hole,1.0,64.0,32.0,2.0,,,,
87.0,xiaomi 12t,48990.0,1.0,1,1,1,2.85,8.0,dimensity,8.0,128.0,5000.0,120.0,1,6.67,1220.0,2712.0,120.0,punch hole,1.0,108.0,20.0,3.0,,,,
85.0,huawei mate 50 pro,99990.0,1.0,1,0,1,3.13,8.0,kirin,8.0,256.0,4500.0,66.0,1,6.76,1440.0,3200.0,120.0,small notch,1.0,64.0,13.0,3.0,0.0,0.0,0.0,harmonyos
65.0,realme c32,9499.0,1.0,0,0,0,1.82,8.0,unisoc,4.0,64.0,5000.0,,0,6.52,720.0,1600.0,,water drop notch,1.0,13.0,5.0,3.0,1.0,0.0,1024.0,android
89.0,huawei mate xs 2,162990.0,1.0,0,1,1,2.84,8.0,snapdragon,8.0,512.0,4600.0,66.0,1,7.8,2200.0,2480.0,120.0,punch hole,,,,,,,,
80.0,iqoo z7 pro,24999.0,1.0,1,0,0,2.36,8.0,snapdragon,6.0,128.0,5000.0,67.0,1,6.62,1080.0,2412.0,144.0,water drop notch,1.0,50.0,16.0,3.0,1.0,0.0,1024.0,android
72.0,apple iphone 15,82990.0,1.0,0,0,1,,,bionic,6.0,128.0,3285.0,,1,6.06,1170.0,2532.0,,punch hole,1.0,50.0,13.0,2.0,0.0,0.0,0.0,ios
79.0,infinix note 11s,15999.0,1.0,0,0,0,2.05,8.0,helio,8.0,128.0,5000.0,33.0,1,6.95,1080.0,2460.0,120.0,punch hole,1.0,50.0,16.0,3.0,1.0,0.0,2048.0,android
64.0,tecno spark 8,8999.0,1.0,0,0,0,1.8,8.0,helio,4.0,64.0,5000.0,,0,6.52,720.0,1600.0,,water drop notch,1.0,16.0,8.0,2.0,1.0,0.0,256.0,android
73.0,oppo a56,17990.0,1.0,1,0,0,2.2,8.0,dimensity,6.0,128.0,5000.0,,0,6.5,720.0,1600.0,,water drop notch,1.0,13.0,8.0,2.0,1.0,0.0,,android
,vivo x80 pro plus,82990.0,1.0,1,0,1,3.2,8.0,snapdragon,12.0,256.0,4500.0,120.0,1,6.78,1440.0,3200.0,120.0,punch hole,1.0,50.0,32.0,4.0,,,,
77.0,xiaomi redmi 10 prime,12999.0,1.0,0,1,0,2.0,8.0,helio,6.0,128.0,6000.0,18.0,1,6.5,1080.0,2400.0,90.0,punch hole,1.0,50.0,8.0,4.0,1.0,0.0,512.0,android
83.0,huawei nova 9,29990.0,1.0,0,0,1,2.4,8.0,snapdragon,8.0,128.0,4300.0,66.0,1,6.57,1080.0,2340.0,120.0,punch hole,1.0,50.0,32.0,4.0,,,,
,tecno pop 5 go,6999.0,1.0,0,0,0,1.3,4.0,unisoc,1.0,16.0,4000.0,,0,6.1,720.0,1520.0,,water drop notch,1.0,5.0,5.0,2.0,1.0,0.0,,android
,huawei p50 pro,60999.0,1.0,0,1,1,2.84,8.0,snapdragon,8.0,256.0,4360.0,66.0,1,6.6,1288.0,2700.0,120.0,punch hole,1.0,50.0,13.0,4.0,1.0,1.0,256.0,harmonyos
83.0,xiaomi redmi k50,27990.0,1.0,1,1,1,2.85,8.0,dimensity,8.0,128.0,5500.0,67.0,1,6.67,1440.0,3200.0,120.0,punch hole,1.0,48.0,20.0,3.0,,,,
,nokia c01 plus,5249.0,1.0,0,0,0,1.6,8.0,unisoc,2.0,16.0,3000.0,,0,5.45,720.0,1440.0,,,1.0,5.0,5.0,1.0,1.0,0.0,256.0,android
80.0,realme q3,14999.0,1.0,1,0,0,2.2,8.0,snapdragon,6.0,128.0,5000.0,30.0,1,6.5,1080.0,2400.0,120.0,punch hole,1.0,48.0,16.0,3.0,1.0,0.0,,android
87.0,oppo reno 6 pro plus,44990.0,1.0,1,0,1,3.2,8.0,snapdragon,8.0,128.0,4500.0,65.0,1,6.55,1080.0,2400.0,90.0,punch hole,1.0,50.0,32.0,4.0,,,,
87.0,motorola edge s,22490.0,1.0,1,0,1,3.2,8.0,snapdragon,6.0,128.0,5000.0,20.0,1,6.7,1080.0,2520.0,90.0,punch hole,1.0,64.0,16.0,4.0,1.0,0.0,,android
,oppo find x3 pro,50990.0,1.0,1,0,1,2.84,8.0,snapdragon,12.0,256.0,4500.0,65.0,1,6.7,1440.0,3216.0,120.0,punch hole,1.0,50.0,32.0,4.0,,,,
75.0,poco m3,11499.0,1.0,0,1,0,2.0,8.0,snapdragon,6.0,64.0,6000.0,18.0,1,6.53,1080.0,2340.0,,water drop notch,1.0,48.0,8.0,3.0,1.0,0.0,512.0,android
,itel s16,5990.0,1.0,0,0,0,1.3,4.0,unisoc,1.0,16.0,4000.0,,0,6.5,1600.0,720.0,,water drop notch,1.0,8.0,8.0,3.0,1.0,0.0,32.0,android
84.0,vivo v20 pro,27000.0,1.0,1,0,0,2.4,8.0,snapdragon,8.0,128.0,4000.0,33.0,1,6.44,1080.0,2400.0,,small notch,1.0,64.0,44.0,3.0,,,,
86.0,xiaomi mi 10t pro,29999.0,1.0,1,1,1,2.84,8.0,snapdragon,8.0,128.0,5000.0,33.0,1,6.67,1080.0,2400.0,144.0,punch hole,1.0,108.0,20.0,3.0,,,,
84.0,vivo v19,27990.0,1.0,0,0,0,2.3,8.0,snapdragon,8.0,256.0,4500.0,33.0,1,6.44,1080.0,2400.0,,dual punch hole,1.0,48.0,32.0,4.0,1.0,0.0,512.0,android
,nokia 400,3290.0,1.0,0,0,0,,,,,,,,0,,,,,,,,,,,,,
89.0,samsung galaxy s20,74999.0,1.0,1,0,1,2.73,8.0,exynos,8.0,128.0,4000.0,25.0,1,6.2,1440.0,3200.0,,punch hole,1.0,64.0,10.0,3.0,1.0,1.0,1024.0,android
72.0,vivo u3,9990.0,1.0,0,0,0,2.0,8.0,snapdragon,4.0,64.0,5000.0,18.0,1,6.53,1080.0,2340.0,,water drop notch,1.0,16.0,16.0,3.0,1.0,0.0,256.0,android
82.0,oppo k5,19990.0,1.0,0,0,0,2.2,8.0,snapdragon,8.0,128.0,4000.0,30.0,1,6.4,1080.0,2340.0,,water drop notch,1.0,64.0,32.0,4.0,1.0,0.0,256.0,android
75.0,realme xt,13279.0,1.0,0,0,0,2.3,8.0,snapdragon,4.0,64.0,4000.0,20.0,1,6.4,1080.0,2340.0,,water drop notch,1.0,64.0,16.0,4.0,1.0,0.0,256.0,android
68.0,vivo y12,11000.0,1.0,0,0,0,2.0,8.0,helio,3.0,64.0,5000.0,,0,6.35,720.0,1544.0,,water drop notch,1.0,13.0,8.0,3.0,1.0,0.0,256.0,android
,apple ipod touch,18900.0,,0,0,0,,,,,,,,0,,,,,,,,,,,,,
78.0,xiaomi poco f1,12999.0,1.0,0,0,0,2.8,8.0,snapdragon,6.0,128.0,4000.0,,1,6.18,1080.0,2246.0,,large notch,1.0,12.0,20.0,2.0,1.0,1.0,256.0,android
61.0,poco c50,7299.0,1.0,0,0,0,2.0,4.0,helio,3.0,32.0,5000.0,10.0,1,6.52,720.0,1600.0,,water drop notch,1.0,8.0,5.0,2.0,1.0,0.0,512.0,android
,karbonn ku3i,995.0,1.0,0,0,0,,,,,,,,0,,,,,,,,,,,,,
61.0,ikall z19,7999.0,1.0,0,0,0,1.6,4.0,,4.0,32.0,5000.0,,0,6.5,720.0,1600.0,,water drop notch,1.0,20.0,13.0,1.0,1.0,1.0,128.0,android
86.0,xiaomi redmi k60 gaming edition,54990.0,1.0,1,1,1,3.2,8.0,snapdragon,8.0,128.0,5000.0,67.0,1,6.73,1440.0,3200.0,120.0,punch hole,1.0,50.0,20.0,3.0,,,,
77.0,vivo s17 pro,49990.0,1.0,1,0,1,,8.0,dimensity,12.0,256.0,5000.0,120.0,1,6.67,1080.0,2400.0,120.0,punch hole,1.0,50.0,32.0,3.0,,,,
,honor 80 pro plus,54990.0,1.0,1,0,1,3.0,8.0,snapdragon,12.0,256.0,4500.0,100.0,1,6.78,1200.0,2652.0,120.0,punch hole,1.0,200.0,50.0,3.0,,,,
60.0,apple iphone se 4,49990.0,1.0,1,0,1,3.22,6.0,bionic,,64.0,,,0,,,,,,,,,,,,,
71.0,tecno pova neo,15499.0,1.0,0,0,0,2.4,8.0,dimensity,4.0,128.0,6000.0,18.0,1,6.8,1080.0,2400.0,120.0,punch hole,1.0,50.0,8.0,2.0,1.0,0.0,1024.0,android
78.0,apple iphone 14 pro max,169900.0,1.0,1,0,1,,6.0,bionic,6.0,512.0,4323.0,,1,6.7,1290.0,2796.0,120.0,,1.0,48.0,12.0,3.0,0.0,0.0,0.0,ios
75.0,google pixel 8,53990.0,1.0,1,0,1,,8.0,google,8.0,128.0,4830.0,67.0,1,6.6,1080.0,2400.0,120.0,punch hole,1.0,50.0,10.1,2.0,,,,
80.0,vivo t2x,18990.0,1.0,1,0,0,3.0,8.0,dimensity,8.0,128.0,6000.0,44.0,1,6.58,1080.0,2408.0,120.0,water drop notch,1.0,50.0,16.0,2.0,,,,
76.0,motorola moto g52,16999.0,1.0,1,0,1,2.2,8.0,snapdragon,4.0,64.0,5000.0,33.0,1,6.6,2460.0,1080.0,90.0,punch hole,1.0,50.0,16.0,3.0,1.0,1.0,,android
86.0,motorola edge 40,34999.0,1.0,1,0,1,2.36,8.0,snapdragon,8.0,128.0,4200.0,67.0,1,6.5,1080.0,2412.0,144.0,,1.0,50.0,32.0,3.0,,,,
,vivo x note,82990.0,1.0,1,1,1,3.0,8.0,snapdragon,12.0,512.0,5000.0,80.0,1,7.0,1440.0,3080.0,120.0,punch hole,1.0,50.0,16.0,4.0,,,,
89.0,realme gt 2 pro,46999.0,1.0,1,0,1,3.0,8.0,snapdragon,12.0,256.0,5000.0,65.0,1,6.7,1440.0,3216.0,120.0,punch hole,1.0,50.0,32.0,3.0,,,,
66.0,vivo y15c,8499.0,1.0,0,0,0,2.3,8.0,helio,3.0,32.0,5000.0,,0,6.51,720.0,1600.0,,water drop notch,1.0,13.0,8.0,2.0,1.0,0.0,1024.0,android
76.0,honor x8,16999.0,1.0,0,0,0,2.4,8.0,snapdragon,6.0,128.0,4000.0,22.5,1,6.7,1080.0,2388.0,90.0,punch hole,1.0,64.0,16.0,4.0,,,,
69.0,samsung galaxy a03,11499.0,1.0,0,0,0,1.6,8.0,unisoc,4.0,64.0,5000.0,15.0,1,6.5,720.0,1560.0,,water drop notch,1.0,48.0,5.0,2.0,1.0,0.0,1024.0,android
88.0,samsung galaxy s22 plus,88999.0,1.0,1,0,1,3.0,8.0,snapdragon,8.0,256.0,4500.0,45.0,1,6.6,1080.0,2340.0,120.0,punch hole,1.0,50.0,10.0,3.0,,,,
81.0,vivo y33t,15990.0,1.0,0,0,0,2.4,8.0,snapdragon,8.0,128.0,5000.0,18.0,1,6.58,1080.0,2408.0,90.0,water drop notch,1.0,50.0,16.0,3.0,1.0,0.0,1024.0,android
83.0,xiaomi 11i,24990.0,1.0,1,1,0,2.5,8.0,dimensity,8.0,128.0,5160.0,67.0,1,6.67,2400.0,1080.0,120.0,punch hole,1.0,108.0,16.0,3.0,1.0,1.0,1024.0,android
,oppo find x5 pro,79990.0,1.0,1,0,1,3.0,8.0,snapdragon,8.0,256.0,5000.0,80.0,1,6.7,1440.0,3216.0,120.0,punch hole,1.0,50.0,32.0,3.0,,,,
61.0,tecno spark go,6249.0,1.0,0,0,0,2.2,8.0,,2.0,32.0,5000.0,,0,6.51,720.0,1600.0,,water drop notch,1.0,13.0,8.0,2.0,1.0,0.0,256.0,android
69.0,vivo y21e,12499.0,1.0,0,0,0,2.4,8.0,snapdragon,3.0,64.0,5000.0,18.0,1,6.51,720.0,1600.0,,water drop notch,1.0,13.0,8.0,2.0,1.0,0.0,1024.0,android
61.0,xiaomi redmi 9a sport,6499.0,1.0,0,0,0,2.0,8.0,helio,2.0,32.0,5000.0,,0,6.53,720.0,1600.0,,water drop notch,1.0,13.0,5.0,1.0,1.0,0.0,512.0,android
86.0,apple iphone 13 pro max,179900.0,1.0,1,0,1,3.22,6.0,bionic,6.0,1024.0,4352.0,,1,6.7,1284.0,2778.0,120.0,small notch,1.0,12.0,12.0,3.0,0.0,0.0,0.0,ios
68.0,vivo y12g,11990.0,1.0,0,0,0,2.0,8.0,snapdragon,3.0,64.0,5000.0,,0,6.51,720.0,1600.0,,water drop notch,1.0,13.0,8.0,3.0,1.0,0.0,,android
82.0,vivo v23e,26990.0,1.0,0,0,0,2.05,8.0,helio,8.0,128.0,4050.0,44.0,1,6.44,1080.0,2400.0,,water drop notch,1.0,64.0,50.0,3.0,0.0,0.0,0.0,android
76.0,samsung galaxy f22,13499.0,1.0,0,0,0,2.0,8.0,helio,6.0,128.0,6000.0,,0,6.4,720.0,1600.0,90.0,water drop notch,1.0,48.0,13.0,4.0,1.0,0.0,1024.0,android
,xiaomi 12 ultra,75999.0,1.0,1,1,1,3.2,8.0,snapdragon,12.0,256.0,4800.0,67.0,1,6.73,1440.0,3200.0,120.0,punch hole,1.0,50.0,20.0,3.0,,,,
60.0,micromax in 2c,5999.0,1.0,0,0,0,1.8,8.0,unisoc,3.0,32.0,5000.0,,0,6.52,720.0,1600.0,,water drop notch,1.0,8.0,5.0,1.0,1.0,0.0,256.0,android
67.0,samsung galaxy a03s,8499.0,1.0,0,0,0,2.3,8.0,helio,3.0,32.0,5000.0,15.0,1,6.5,720.0,1600.0,,water drop notch,1.0,13.0,5.0,3.0,1.0,0.0,1024.0,android
71.0,oppo a54,11990.0,1.0,0,0,0,2.3,8.0,helio,4.0,128.0,5000.0,,1,6.51,1600.0,720.0,,punch hole,1.0,13.0,16.0,3.0,1.0,0.0,256.0,android
77.0,xiaomi redmi 20x,10990.0,1.0,1,1,0,2.2,8.0,dimensity,4.0,128.0,5000.0,18.0,1,6.43,1080.0,2340.0,90.0,punch hole,1.0,48.0,13.0,4.0,1.0,0.0,,android
,xiaomi mi mix fold,109990.0,1.0,1,1,1,2.84,8.0,snapdragon,12.0,256.0,5020.0,67.0,1,8.01,1860.0,2480.0,90.0,,,,,2.0,,,,android
80.0,realme narzo 30,16999.0,1.0,1,0,1,2.2,8.0,dimensity,6.0,128.0,5000.0,18.0,1,6.5,1080.0,2400.0,90.0,punch hole,1.0,48.0,16.0,3.0,1.0,0.0,1024.0,android
70.0,oppo a54,12199.0,1.0,0,0,0,2.3,8.0,helio,4.0,64.0,5000.0,,1,6.51,1600.0,720.0,,punch hole,1.0,13.0,16.0,3.0,1.0,0.0,256.0,android
72.0,oppo a15s,11490.0,1.0,0,0,0,2.3,8.0,helio,4.0,128.0,4230.0,,0,6.52,720.0,1600.0,,water drop notch,1.0,13.0,8.0,3.0,1.0,0.0,256.0,android
,itel a56,5490.0,1.0,0,0,0,1.3,4.0,,1.0,16.0,4000.0,,0,6.0,720.0,1600.0,,,1.0,8.0,5.0,2.0,1.0,0.0,32.0,android
74.0,xiaomi redmi 9 power,11499.0,1.0,0,1,0,2.0,8.0,snapdragon,4.0,64.0,6000.0,18.0,1,6.53,1080.0,2340.0,,water drop notch,1.0,48.0,8.0,4.0,1.0,0.0,512.0,android
88.0,samsung galaxy s21 plus,59450.0,1.0,1,0,1,2.9,8.0,exynos,8.0,128.0,4800.0,25.0,1,6.7,1080.0,2400.0,120.0,punch hole,1.0,64.0,10.0,3.0,,,,
76.0,poco m2 pro,12799.0,1.0,0,1,0,2.3,8.0,snapdragon,4.0,64.0,5000.0,33.0,1,6.67,1080.0,2400.0,,punch hole,1.0,48.0,16.0,4.0,1.0,0.0,512.0,android
88.0,samsung galaxy s20 plus,83000.0,1.0,0,0,1,2.73,8.0,exynos,8.0,128.0,4500.0,25.0,1,6.7,1440.0,3200.0,120.0,punch hole,1.0,64.0,10.0,4.0,1.0,1.0,1024.0,android
80.0,realme 6 pro,14490.0,1.0,0,0,0,2.3,8.0,snapdragon,6.0,64.0,4300.0,30.0,1,6.6,1080.0,2400.0,90.0,dual punch hole,1.0,64.0,16.0,4.0,1.0,0.0,256.0,android
,huawei p40 pro,82990.0,1.0,1,0,1,2.86,8.0,kirin,8.0,256.0,4200.0,40.0,1,6.58,1200.0,2640.0,90.0,dual punch hole,1.0,50.0,32.0,4.0,1.0,1.0,256.0,android
64.0,vivo y11,9490.0,1.0,0,0,0,2.0,8.0,snapdragon,3.0,32.0,5000.0,,0,6.35,720.0,1544.0,,water drop notch,1.0,13.0,8.0,2.0,1.0,0.0,256.0,android
78.0,vivo v15 pro,25000.0,1.0,0,0,0,2.0,8.0,snapdragon,8.0,128.0,3700.0,,1,6.39,1080.0,2316.0,,,1.0,48.0,32.0,3.0,1.0,0.0,256.0,android
65.0,vivo y95,15000.0,1.0,0,0,0,1.95,8.0,snapdragon,4.0,64.0,4030.0,,0,6.22,1520.0,720.0,,water drop notch,1.0,13.0,20.0,2.0,1.0,0.0,256.0,android
70.0,vivo v11i,20990.0,1.0,0,0,0,2.0,8.0,helio,4.0,128.0,3315.0,,0,6.3,1080.0,2280.0,,,1.0,16.0,25.0,2.0,1.0,0.0,256.0,android
78.0,samsung galaxy s9 plus,34999.0,1.0,0,0,1,2.8,8.0,exynos,6.0,128.0,3500.0,,1,6.2,1440.0,2960.0,,,1.0,12.0,8.0,2.0,1.0,1.0,512.0,android
80.0,realme gt neo 4t,29999.0,1.0,1,0,0,3.0,8.0,snapdragon,8.0,128.0,5000.0,120.0,1,6.73,1080.0,2400.0,144.0,punch hole,1.0,50.0,16.0,3.0,,,,
67.0,vivo y53t,11999.0,1.0,1,0,0,2.0,8.0,dimensity,4.0,128.0,6000.0,15.0,1,6.51,720.0,1600.0,,water drop notch,1.0,13.0,5.0,2.0,0.0,0.0,0.0,android
72.0,samsung galaxy a04,12999.0,1.0,0,0,0,2.3,8.0,helio,4.0,128.0,5000.0,,1,6.5,720.0,1600.0,,water drop notch,1.0,50.0,5.0,2.0,1.0,0.0,1024.0,android
89.0,leitz phone 2,124990.0,1.0,1,0,1,3.0,8.0,snapdragon,12.0,256.0,5000.0,,1,6.6,1260.0,2730.0,240.0,punch hole,1.0,47.2,12.6,2.0,1.0,0.0,1024.0,android
85.0,xiaomi redmi k60i,28999.0,1.0,1,1,0,3.1,8.0,dimensity,8.0,128.0,5080.0,120.0,1,6.67,1080.0,2460.0,120.0,punch hole,1.0,50.0,32.0,3.0,,,,
77.0,infinix hot 20s,12999.0,1.0,0,0,0,2.05,8.0,helio,8.0,128.0,5000.0,18.0,1,6.78,1080.0,2460.0,,water drop notch,1.0,50.0,8.0,2.0,1.0,0.0,,android
82.0,realme gt neo 3t,28499.0,1.0,1,0,0,3.2,8.0,snapdragon,8.0,256.0,5000.0,80.0,1,6.62,1080.0,2400.0,120.0,punch hole,1.0,64.0,16.0,3.0,,,,
83.0,apple iphone 14 plus,104999.0,1.0,1,0,1,3.22,6.0,bionic,6.0,512.0,4325.0,,1,6.7,1284.0,2778.0,,small notch,1.0,12.0,12.0,2.0,0.0,0.0,0.0,ios
77.0,apple iphone 14 pro,172999.0,1.0,1,0,1,,6.0,bionic,6.0,1024.0,3200.0,,1,6.1,1179.0,2556.0,120.0,,1.0,48.0,12.0,3.0,0.0,0.0,0.0,ios
79.0,xiaomi redmi 13 prime,17990.0,1.0,1,1,0,2.0,8.0,snapdragon,6.0,128.0,5100.0,18.0,1,6.73,1080.0,2408.0,120.0,punch hole,1.0,64.0,16.0,2.0,1.0,0.0,1024.0,android
76.0,xiaomi redmi 11 prime,13774.0,1.0,0,1,0,2.2,8.0,helio,6.0,128.0,5000.0,18.0,1,6.58,1080.0,2400.0,90.0,water drop notch,1.0,50.0,8.0,3.0,1.0,0.0,512.0,android
,itel magic x,2239.0,1.0,0,0,0,,,,,,,,0,,,,,,,,,,,,,
64.0,nokia c21 plus,8999.0,1.0,0,0,0,1.6,8.0,unisoc,4.0,64.0,5050.0,,0,6.52,720.0,1600.0,,water drop notch,1.0,13.0,5.0,2.0,1.0,0.0,,android
75.0,oneplus nord n300,18990.0,1.0,1,0,1,2.4,8.0,dimensity,4.0,64.0,5000.0,33.0,1,6.56,720.0,1612.0,90.0,water drop notch,1.0,48.0,16.0,2.0,1.0,0.0,,android
77.0,tecno camon 19 neo,14999.0,1.0,0,0,1,2.0,8.0,helio,6.0,128.0,5000.0,18.0,1,6.8,1080.0,2400.0,90.0,punch hole,1.0,48.0,32.0,3.0,,,,
61.0,realme narzo 50i prime,7999.0,1.0,0,0,0,1.82,8.0,unisoc,3.0,32.0,5000.0,10.0,1,6.5,720.0,1600.0,,water drop notch,1.0,8.0,5.0,1.0,1.0,0.0,1024.0,android
85.0,xiaomi redmi k50 ultra,39999.0,1.0,1,1,1,3.2,8.0,snapdragon,8.0,128.0,5000.0,120.0,1,6.67,1220.0,2712.0,144.0,punch hole,1.0,108.0,20.0,3.0,,,,
67.0,oppo a57,11990.0,1.0,0,0,0,2.3,8.0,helio,3.0,64.0,5000.0,33.0,1,6.56,720.0,1612.0,,water drop notch,1.0,13.0,8.0,2.0,1.0,0.0,,android
77.0,infinix note 12,12999.0,1.0,0,0,0,2.0,8.0,helio,6.0,128.0,5000.0,33.0,1,6.7,2400.0,1080.0,,punch hole,1.0,50.0,16.0,3.0,1.0,0.0,512.0,android
77.0,samsung galaxy s23 fe,54999.0,1.0,1,0,1,,8.0,,8.0,128.0,4500.0,,1,6.5,1080.0,2400.0,,punch hole,1.0,64.0,32.0,4.0,0.0,0.0,0.0,android
72.0,samsung galaxy m51s,24990.0,1.0,1,0,0,,8.0,,6.0,128.0,6000.0,,1,6.7,1080.0,2400.0,,punch hole,1.0,64.0,32.0,3.0,1.0,0.0,1024.0,android
88.0,vivo x80,59999.0,1.0,1,0,0,3.05,8.0,dimensity,12.0,256.0,4500.0,80.0,1,6.78,1080.0,2400.0,120.0,punch hole,1.0,50.0,32.0,3.0,0.0,0.0,0.0,android
72.0,poco x6 pro,19999.0,1.0,1,0,0,,8.0,snapdragon,6.0,128.0,5000.0,,1,6.67,1080.0,2400.0,120.0,punch hole,1.0,64.0,32.0,4.0,1.0,0.0,1024.0,android
79.0,infinix note 12,16999.0,1.0,0,0,0,2.05,8.0,helio,8.0,128.0,5000.0,33.0,1,6.7,1080.0,2400.0,,punch hole,1.0,50.0,16.0,3.0,1.0,0.0,,android
60.0,samsung galaxy m14,14999.0,1.0,0,0,0,,8.0,exynos,4.0,64.0,6000.0,,0,6.5,720.0,1600.0,,water drop notch,1.0,48.0,8.0,3.0,1.0,0.0,512.0,android
76.0,vivo t2 pro,29990.0,1.0,1,0,0,,8.0,snapdragon,8.0,128.0,4500.0,67.0,1,6.44,1080.0,2408.0,90.0,water drop notch,1.0,50.0,16.0,3.0,1.0,1.0,1024.0,android
69.0,xiaomi redmi 10 prime plus,13990.0,1.0,1,1,0,2.2,8.0,dimensity,4.0,128.0,5000.0,18.0,1,6.58,1080.0,2408.0,90.0,punch hole,1.0,50.0,5.0,2.0,0.0,0.0,0.0,android
81.0,xiaomi redmi note 11 pro,17999.0,1.0,0,1,0,2.05,8.0,helio,6.0,128.0,5000.0,67.0,1,6.67,1080.0,2400.0,120.0,punch hole,1.0,108.0,16.0,4.0,1.0,1.0,1024.0,android
73.0,realme narzo 50a prime,11399.0,1.0,0,0,0,1.82,8.0,unisoc,4.0,64.0,5000.0,18.0,1,6.6,1080.0,2408.0,,water drop notch,1.0,50.0,8.0,3.0,1.0,0.0,1024.0,android
,eunity u1 king,599.0,1.0,0,0,0,,,,0.0312,0.0312,1000.0,,0,1.8,260.0,240.0,,,1.0,0.3,0.0,1.0,,,,
79.0,vivo y55s,19990.0,1.0,1,0,0,2.2,8.0,dimensity,8.0,128.0,6000.0,18.0,1,6.58,1080.0,2408.0,,water drop notch,1.0,50.0,8.0,2.0,,,,
74.0,vivo y21t,15499.0,1.0,0,0,0,2.4,8.0,snapdragon,4.0,128.0,5000.0,18.0,1,6.51,1600.0,720.0,90.0,water drop notch,1.0,50.0,8.0,3.0,1.0,0.0,1024.0,android
,gionee k10,6999.0,1.0,0,0,0,2.0,4.0,unisoc,3.0,32.0,4800.0,,0,6.8,720.0,1600.0,,punch hole,1.0,13.0,5.0,1.0,1.0,0.0,,android
77.0,xiaomi redmi note 10 lite,12499.0,1.0,0,1,0,2.3,8.0,snapdragon,4.0,128.0,5020.0,18.0,1,6.67,1080.0,2400.0,,punch hole,1.0,48.0,16.0,4.0,1.0,0.0,512.0,android
80.0,apple iphone 13,91999.0,1.0,1,0,1,3.22,6.0,bionic,4.0,512.0,3240.0,,1,6.1,1170.0,2532.0,,small notch,1.0,12.0,12.0,2.0,0.0,0.0,0.0,ios
71.0,infinix hot 11s,9690.0,1.0,0,0,0,2.0,8.0,helio,4.0,64.0,5000.0,,0,6.78,1080.0,2480.0,90.0,punch hole,1.0,50.0,8.0,3.0,1.0,0.0,256.0,android
85.0,realme gt explorer master edition,32990.0,1.0,1,0,1,3.2,8.0,snapdragon,8.0,128.0,4500.0,65.0,1,6.55,1080.0,2400.0,120.0,punch hole,1.0,50.0,32.0,3.0,,,,
87.0,xiaomi mi 12,42990.0,1.0,1,1,1,3.0,8.0,snapdragon,8.0,128.0,4500.0,67.0,1,6.28,1080.0,2400.0,120.0,punch hole,1.0,50.0,32.0,3.0,,,,
,cat s22 flip,14999.0,0.0,0,0,0,1.3,4.0,snapdragon,2.0,16.0,2000.0,,0,4.0,480.0,640.0,,,,,,2.0,,,,
82.0,xiaomi mi 11 lite,18699.0,1.0,0,1,0,2.3,8.0,snapdragon,8.0,128.0,4250.0,33.0,1,6.55,1080.0,2400.0,90.0,punch hole,1.0,64.0,16.0,3.0,1.0,1.0,512.0,android
,dizo star 500,1749.0,1.0,0,0,0,,,unisoc,0.0312,0.0312,1900.0,,0,2.8,240.0,320.0,,,1.0,0.3,0.0,1.0,1.0,0.0,64.0,
76.0,realme q3i,10990.0,1.0,1,0,0,2.2,8.0,dimensity,4.0,128.0,5000.0,18.0,1,6.5,1080.0,2400.0,,punch hole,1.0,48.0,16.0,3.0,1.0,0.0,,android
85.0,xiaomi mi 11x pro,30990.0,1.0,1,1,0,2.84,8.0,snapdragon,8.0,128.0,4520.0,33.0,1,6.67,1080.0,2400.0,120.0,punch hole,1.0,108.0,20.0,3.0,,,,
89.0,lenovo legion pro 2,59999.0,1.0,1,0,1,2.84,8.0,snapdragon,16.0,512.0,5000.0,120.0,1,6.5,1080.0,2400.0,144.0,,1.0,64.0,20.0,2.0,,,,
83.0,samsung galaxy m62,23999.0,1.0,0,0,1,2.73,8.0,exynos,6.0,128.0,7000.0,,1,6.71,1080.0,2400.0,,punch hole,1.0,64.0,32.0,4.0,1.0,0.0,1024.0,android
69.0,realme q2i,9999.0,1.0,1,0,0,2.0,8.0,dimensity,4.0,128.0,5000.0,18.0,1,6.5,720.0,1600.0,,water drop notch,1.0,13.0,8.0,3.0,,,,
,nokia 215,3099.0,1.0,0,0,0,,,unisoc,0.0625,0.125,1150.0,,0,2.4,240.0,320.0,,,0.0,0.0,0.0,0.0,1.0,0.0,32.0,other
80.0,apple iphone 12 pro,119900.0,1.0,1,0,1,3.1,6.0,bionic,6.0,256.0,,,0,,,,,,,,,,,,,
67.0,xiaomi redmi 9i,9299.0,1.0,0,0,0,2.0,8.0,helio,4.0,128.0,5000.0,10.0,1,6.53,720.0,1600.0,,water drop notch,1.0,13.0,5.0,1.0,1.0,0.0,512.0,android
77.0,realme 6,12989.0,1.0,0,0,0,2.05,8.0,helio,6.0,64.0,4300.0,30.0,1,6.5,1080.0,2400.0,90.0,punch hole,1.0,64.0,16.0,4.0,1.0,0.0,256.0,android
,samsung galaxy a01 core,4999.0,1.0,0,0,0,1.5,4.0,,1.0,16.0,3000.0,,0,5.3,720.0,1480.0,,,1.0,8.0,5.0,1.0,1.0,0.0,,android
,lg folder 2,11999.0,0.0,0,0,0,,,,,,,,0,,,,,,,,,,,,,
83.0,oppo reno 5,29990.0,1.0,1,0,0,2.4,8.0,snapdragon,8.0,128.0,4300.0,65.0,1,6.43,1080.0,2400.0,,punch hole,1.0,64.0,32.0,4.0,,,,
72.0,oppo a31,12490.0,1.0,0,0,0,2.3,8.0,helio,6.0,128.0,4230.0,,0,6.5,720.0,1600.0,,water drop notch,1.0,12.0,8.0,3.0,1.0,0.0,256.0,android
75.0,sony xperia 10 ii,27999.0,1.0,0,0,1,2.0,8.0,snapdragon,4.0,128.0,3600.0,18.0,1,6.0,1080.0,2520.0,90.0,,1.0,12.0,8.0,3.0,1.0,1.0,,android
,vivo y91c,8199.0,1.0,0,0,0,2.0,8.0,helio,2.0,32.0,4030.0,,0,6.22,720.0,1520.0,,water drop notch,1.0,13.0,5.0,1.0,1.0,0.0,256.0,android
81.0,huawei nova 7i,21990.0,1.0,0,0,0,2.2,8.0,kirin,8.0,128.0,4200.0,40.0,1,6.4,1080.0,2340.0,,punch hole,1.0,48.0,16.0,4.0,1.0,1.0,256.0,android
73.0,vivo y19,20000.0,1.0,0,0,0,2.0,8.0,helio,4.0,128.0,5000.0,18.0,1,6.53,1080.0,2340.0,,water drop notch,1.0,16.0,16.0,3.0,1.0,0.0,256.0,android
74.0,vivo u3,11990.0,1.0,0,0,0,2.0,8.0,snapdragon,6.0,64.0,5000.0,18.0,1,6.53,1080.0,2340.0,,water drop notch,1.0,16.0,16.0,3.0,1.0,0.0,256.0,android
75.0,xiaomi redmi note 9,11989.0,1.0,0,1,0,2.0,8.0,helio,4.0,64.0,5020.0,22.5,1,6.53,1080.0,2340.0,,punch hole,1.0,48.0,13.0,4.0,1.0,0.0,512.0,android
66.0,xiaomi redmi 8,11490.0,1.0,0,1,0,2.0,8.0,snapdragon,4.0,64.0,5000.0,18.0,1,6.22,720.0,1520.0,,water drop notch,1.0,12.0,8.0,2.0,1.0,0.0,512.0,android
68.0,motorola one macro,11490.0,1.0,0,0,0,2.0,8.0,helio,4.0,64.0,4000.0,10.0,1,6.2,720.0,1520.0,,water drop notch,1.0,13.0,8.0,3.0,1.0,1.0,512.0,android
67.0,google pixel 3a xl,15999.0,0.0,0,0,1,2.0,8.0,snapdragon,4.0,64.0,3700.0,18.0,1,6.0,1080.0,2160.0,,,1.0,12.2,8.0,1.0,,,,
69.0,samsung galaxy a40,17990.0,1.0,0,0,0,2.2,8.0,exynos,4.0,64.0,3100.0,15.0,1,5.9,1080.0,2340.0,,water drop notch,1.0,16.0,25.0,2.0,1.0,0.0,512.0,android
86.0,samsung galaxy s10,78990.0,0.0,1,0,1,2.7,8.0,exynos,8.0,256.0,4500.0,25.0,1,6.7,1440.0,3040.0,,,1.0,16.0,10.0,3.0,1.0,1.0,512.0,android
66.0,huawei honor 9n,10949.0,1.0,0,0,0,2.36,8.0,kirin,4.0,64.0,3000.0,,0,5.84,1080.0,2280.0,,small notch,1.0,13.0,16.0,2.0,1.0,1.0,256.0,android
65.0,xiaomi redmi note 4,10300.0,1.0,0,0,0,2.0,8.0,snapdragon,4.0,64.0,4100.0,,0,5.5,1080.0,1920.0,,,1.0,13.0,5.0,1.0,1.0,1.0,128.0,android
,blackzone ultra,1899.0,1.0,0,0,0,1.0,1.0,,0.0469,0.0469,2500.0,,0,1.8,480.0,640.0,,,1.0,2.0,0.0,1.0,1.0,0.0,48.0,
88.0,doogee v max,45999.0,1.0,1,0,0,2.6,8.0,dimensity,12.0,256.0,22000.0,33.0,1,6.58,1080.0,2408.0,120.0,water drop notch,1.0,108.0,32.0,3.0,1.0,1.0,2048.0,android
63.0,huawei nova y61,21990.0,1.0,0,0,0,,8.0,,4.0,64.0,5000.0,22.5,1,6.52,720.0,1600.0,,water drop notch,1.0,50.0,5.0,3.0,1.0,1.0,,android
76.0,iqoo z9,19990.0,1.0,1,0,0,,8.0,snapdragon,8.0,128.0,5000.0,45.0,1,6.67,1080.0,2412.0,120.0,water drop notch,1.0,64.0,16.0,3.0,1.0,1.0,1024.0,android
84.0,vivo v29,32990.0,1.0,1,0,0,2.4,8.0,snapdragon,8.0,256.0,5000.0,80.0,1,6.67,1080.0,2400.0,120.0,punch hole,1.0,64.0,32.0,3.0,1.0,0.0,,android
77.0,poco m5,14499.0,1.0,0,1,0,2.2,8.0,helio,6.0,128.0,5000.0,18.0,1,6.58,1080.0,2400.0,90.0,water drop notch,1.0,50.0,8.0,3.0,1.0,0.0,512.0,android
85.0,nokia x30,41990.0,1.0,1,0,1,2.2,8.0,snapdragon,6.0,128.0,4200.0,33.0,1,6.43,1080.0,2400.0,90.0,punch hole,1.0,50.0,16.0,2.0,1.0,0.0,1024.0,android
67.0,tecno pova neo 2,13990.0,1.0,0,0,0,2.0,8.0,helio,6.0,128.0,7000.0,,0,6.82,720.0,1600.0,90.0,water drop notch,1.0,16.0,8.0,2.0,1.0,0.0,512.0,android
,nokia 110,1599.0,1.0,0,0,0,,,,0.0039,0.0039,1000.0,,0,1.77,120.0,160.0,,,,,,,,,,
,nokia 5710 xpressaudio,4799.0,1.0,0,0,0,,,,,,,,0,,,,,,,,,,,,,
67.0,vivo y15c,10490.0,1.0,0,0,0,2.3,8.0,helio,3.0,64.0,5000.0,,0,6.51,720.0,1600.0,,water drop notch,1.0,13.0,8.0,2.0,1.0,0.0,1024.0,android
82.0,huawei nova 10,29990.0,1.0,0,0,0,2.4,8.0,snapdragon,8.0,128.0,4000.0,66.0,1,6.67,1080.0,2400.0,120.0,punch hole,1.0,50.0,60.0,3.0,,,,
82.0,huawei nova y90,22990.0,1.0,0,0,1,2.4,8.0,snapdragon,8.0,128.0,5000.0,40.0,1,6.7,1080.0,2388.0,90.0,punch hole,1.0,50.0,8.0,4.0,1.0,0.0,,android
80.0,samsung galaxy a92,47990.0,1.0,1,0,0,3.0,8.0,dimensity,8.0,128.0,5000.0,,1,6.7,1080.0,2400.0,,punch hole,1.0,48.0,16.0,3.0,0.0,0.0,0.0,android
84.0,infinix note 12 vip,19999.0,1.0,0,0,0,2.05,8.0,helio,8.0,128.0,4500.0,120.0,1,6.7,1080.0,2400.0,120.0,punch hole,1.0,108.0,16.0,3.0,1.0,0.0,256.0,android
83.0,oneplus nord 4,29999.0,1.0,1,0,1,2.36,8.0,snapdragon,8.0,128.0,4500.0,80.0,1,6.43,1080.0,2412.0,120.0,punch hole,1.0,50.0,32.0,3.0,,,,
74.0,realme narzo 50a prime,11879.0,1.0,0,0,0,1.82,8.0,unisoc,4.0,128.0,5000.0,18.0,1,6.6,1080.0,2408.0,,water drop notch,1.0,50.0,8.0,3.0,1.0,0.0,1024.0,android
84.0,oneplus ace,28990.0,1.0,1,0,1,2.85,8.0,dimensity,8.0,128.0,4500.0,150.0,1,6.7,1080.0,2412.0,120.0,punch hole,1.0,50.0,16.0,3.0,,,,
85.0,iqoo 9,39990.0,1.0,1,0,0,2.9,8.0,snapdragon,12.0,256.0,4350.0,120.0,1,6.56,1080.0,2376.0,120.0,punch hole,1.0,48.0,16.0,3.0,,,,
78.0,xiaomi redmi note 12t,15999.0,1.0,1,1,0,2.0,8.0,dimensity,6.0,64.0,5000.0,33.0,1,6.52,1080.0,2400.0,90.0,punch hole,1.0,64.0,16.0,3.0,1.0,0.0,512.0,android
82.0,oppo a96,22990.0,1.0,1,0,0,2.2,8.0,snapdragon,8.0,256.0,4500.0,33.0,1,6.43,1080.0,2400.0,,punch hole,1.0,48.0,16.0,2.0,1.0,0.0,,android
87.0,royole flexpai 3,149999.0,1.0,1,0,0,2.84,8.0,snapdragon,8.0,128.0,3360.0,,0,7.2,1440.0,1920.0,,,,,,2.0,,,,
75.0,tecno camon 18,11499.0,1.0,0,0,1,2.0,8.0,helio,4.0,128.0,5000.0,18.0,1,6.8,1080.0,2460.0,90.0,punch hole,1.0,48.0,16.0,3.0,,,,
84.0,tecno phantom x pro,22999.0,1.0,0,0,0,2.05,8.0,helio,8.0,256.0,5000.0,44.0,1,6.7,1080.0,2400.0,120.0,punch hole,1.0,50.0,48.0,4.0,,,,
70.0,tecno spark 8t,7999.0,1.0,0,0,0,2.3,8.0,helio,4.0,64.0,5000.0,,0,6.6,720.0,1600.0,,water drop notch,1.0,50.0,8.0,2.0,1.0,0.0,,android
82.0,realme gt neo2,31999.0,1.0,1,0,1,3.2,8.0,snapdragon,8.0,128.0,5000.0,65.0,1,6.62,2400.0,1080.0,120.0,punch hole,1.0,64.0,16.0,3.0,,,,
78.0,sony xperia 10 iii lite,30990.0,0.0,1,0,1,2.0,8.0,snapdragon,6.0,64.0,4500.0,30.0,1,6.0,1080.0,2520.0,,,1.0,12.0,8.0,3.0,1.0,0.0,,android
64.0,realme g1,7999.0,1.0,0,0,0,2.3,8.0,helio,3.0,32.0,6000.0,,0,6.52,720.0,1600.0,,water drop notch,1.0,13.0,5.0,3.0,1.0,0.0,256.0,android
74.0,tecno pova 2,10999.0,1.0,0,0,0,2.0,8.0,helio,4.0,64.0,7000.0,18.0,1,6.95,1080.0,2460.0,,punch hole,1.0,48.0,8.0,4.0,1.0,0.0,256.0,android
79.0,poco x4,14990.0,1.0,1,0,0,2.2,8.0,dimensity,6.0,128.0,5000.0,67.0,1,6.67,1080.0,2400.0,120.0,punch hole,1.0,50.0,16.0,3.0,1.0,0.0,1024.0,android
77.0,motorola moto g40 fusion,14499.0,1.0,0,0,0,2.3,8.0,snapdragon,4.0,64.0,6000.0,20.0,1,6.78,1080.0,2460.0,120.0,punch hole,1.0,64.0,16.0,3.0,1.0,1.0,256.0,android
86.0,oneplus 9t,44999.0,1.0,1,0,1,2.84,8.0,snapdragon,8.0,128.0,4500.0,65.0,1,6.55,1080.0,2400.0,120.0,punch hole,1.0,108.0,16.0,4.0,0.0,0.0,0.0,android
83.0,realme 8,17999.0,1.0,0,0,0,2.0,8.0,helio,8.0,128.0,5000.0,30.0,1,6.4,1080.0,2400.0,,punch hole,1.0,64.0,16.0,4.0,1.0,0.0,256.0,android
83.0,realme narzo 30 pro,19999.0,1.0,1,0,0,2.4,8.0,dimensity,8.0,128.0,5000.0,30.0,1,6.5,1080.0,2400.0,120.0,punch hole,1.0,48.0,16.0,3.0,1.0,1.0,256.0,android
,itel a23 pro,3999.0,1.0,0,0,0,1.4,4.0,unisoc,1.0,8.0,2400.0,,0,5.0,854.0,480.0,,,1.0,5.0,2.0,1.0,,,,
,samsung galaxy s21 ultra,101999.0,1.0,1,0,1,2.9,8.0,exynos,12.0,128.0,5000.0,25.0,1,6.8,1440.0,3200.0,120.0,punch hole,1.0,108.0,40.0,4.0,,,,
84.0,oppo reno 5 pro,38700.0,1.0,1,0,0,2.6,8.0,dimensity,8.0,128.0,4350.0,65.0,1,6.53,1080.0,2400.0,90.0,punch hole,1.0,64.0,32.0,4.0,,,,
73.0,oneplus nord se,19999.0,1.0,0,0,0,2.0,8.0,snapdragon,4.0,64.0,4500.0,65.0,1,6.3,1080.0,2400.0,,punch hole,1.0,48.0,13.0,4.0,1.0,0.0,256.0,android
72.0,samsung galaxy m12,10999.0,1.0,0,0,0,2.0,8.0,exynos,4.0,64.0,6000.0,15.0,1,6.5,720.0,1600.0,90.0,water drop notch,1.0,48.0,8.0,4.0,1.0,0.0,1024.0,android
68.0,oneplus nord n100,16990.0,1.0,0,0,0,1.8,8.0,snapdragon,4.0,64.0,5000.0,18.0,1,6.52,720.0,1600.0,90.0,punch hole,1.0,13.0,8.0,3.0,1.0,0.0,256.0,android
75.0,apple iphone 12 mini,55999.0,1.0,1,0,1,3.1,6.0,bionic,4.0,256.0,,,0,,,,,,,,,,,,,
76.0,apple iphone 12,67999.0,1.0,1,0,1,3.1,6.0,bionic,4.0,256.0,,,0,,,,,,,,,,,,,
66.0,oppo a15,9999.0,1.0,0,0,0,2.3,8.0,helio,3.0,32.0,4230.0,,0,6.52,720.0,1600.0,,water drop notch,1.0,13.0,5.0,3.0,1.0,0.0,256.0,android
77.0,xiaomi redmi note 9 pro,14439.0,1.0,0,1,0,2.3,8.0,snapdragon,4.0,128.0,5020.0,18.0,1,6.67,1080.0,2400.0,,punch hole,1.0,48.0,16.0,4.0,1.0,0.0,512.0,android
,nokia 150,2499.0,1.0,0,0,0,,,,,0.0039,1020.0,,0,2.4,240.0,320.0,,,1.0,0.3,0.0,1.0,1.0,0.0,32.0,
64.0,oppo a12,9990.0,1.0,0,0,0,1.8,8.0,helio,3.0,32.0,4230.0,,0,6.22,1520.0,720.0,,water drop notch,1.0,13.0,5.0,2.0,1.0,0.0,256.0,android
85.0,realme x50 pro,24999.0,1.0,1,0,1,2.84,8.0,snapdragon,8.0,128.0,4200.0,65.0,1,6.44,1080.0,2400.0,90.0,dual punch hole,1.0,64.0,32.0,4.0,0.0,0.0,0.0,android
,samsung galaxy s20 plus,85990.0,1.0,1,0,1,2.73,8.0,exynos,8.0,128.0,4500.0,25.0,1,6.7,1440.0,3200.0,,punch hole,1.0,64.0,10.0,4.0,1.0,1.0,1024.0,android
88.0,xiaomi redmi k20 pro signature edition,480000.0,1.0,0,0,1,2.8,8.0,snapdragon,8.0,256.0,4000.0,27.0,1,6.39,1080.0,2340.0,,,1.0,48.0,20.0,3.0,0.0,0.0,0.0,android
78.0,xiaomi redmi note 8 pro,16999.0,1.0,0,1,0,2.05,8.0,helio,6.0,64.0,4500.0,18.0,1,6.53,1080.0,2340.0,,water drop notch,1.0,64.0,20.0,4.0,1.0,0.0,512.0,android
,realme a1,8999.0,1.0,0,0,0,2.1,8.0,helio,2.0,16.0,4000.0,,0,6.2,720.0,1520.0,,water drop notch,1.0,13.0,8.0,2.0,1.0,0.0,256.0,android
62.0,oppo a73,15990.0,1.0,0,0,0,2.5,8.0,helio,3.0,32.0,3200.0,,0,6.0,1080.0,2160.0,,,1.0,13.0,16.0,1.0,1.0,0.0,,android
,nokia,3999.0,1.0,0,0,0,,,,,,,,0,,,,,,,,,,,,,
,lyf earth 2,3890.0,1.0,0,0,0,1.5,8.0,snapdragon,3.0,32.0,2500.0,,0,5.0,1080.0,1920.0,,,1.0,13.0,13.0,1.0,1.0,1.0,64.0,android
,samsung guru e1200,1685.0,0.0,0,0,0,,,,,,,,0,,,,,,,,,,,,,
75.0,apple iphone 15 plus,84990.0,1.0,1,0,1,,6.0,bionic,8.0,128.0,4532.0,,1,6.71,1284.0,2778.0,120.0,small notch,1.0,12.0,12.0,2.0,0.0,0.0,0.0,ios
78.0,vivo y55s,21999.0,1.0,1,0,1,2.2,8.0,dimensity,4.0,128.0,5000.0,18.0,1,6.58,1080.0,2408.0,,water drop notch,1.0,50.0,8.0,3.0,1.0,0.0,,android
,ikall k88 pro,2099.0,1.0,0,0,0,,,,,,,,0,,,,,,,,,,,,,
66.0,lava blaze nxt,8999.0,1.0,0,0,0,2.3,8.0,helio,4.0,64.0,5000.0,,0,6.5,720.0,1600.0,,water drop notch,1.0,13.0,8.0,3.0,1.0,0.0,256.0,android
,eunity u1 livo,649.0,1.0,0,0,0,,,,0.0156,0.0156,1000.0,,0,1.8,280.0,240.0,,,1.0,0.3,0.0,1.0,,,,
79.0,tecno camon 20 premier,20999.0,1.0,1,0,1,2.2,8.0,dimensity,6.0,128.0,5000.0,33.0,1,6.83,1080.0,2460.0,120.0,punch hole,1.0,50.0,16.0,3.0,,,,
84.0,oppo reno 8 house of dragon edition,32990.0,1.0,1,0,1,3.0,8.0,dimensity,8.0,128.0,4500.0,80.0,1,6.43,1080.0,2400.0,90.0,punch hole,1.0,50.0,32.0,3.0,,,,
70.0,motorola moto e22s,9022.0,1.0,0,0,0,2.3,8.0,helio,4.0,64.0,5000.0,10.0,1,6.5,720.0,1600.0,90.0,punch hole,1.0,16.0,8.0,2.0,1.0,0.0,,android
61.0,xiaomi redmi a1 plus,8399.0,1.0,0,0,0,2.0,4.0,helio,3.0,32.0,5000.0,10.0,1,6.52,720.0,1600.0,,water drop notch,1.0,8.0,5.0,2.0,1.0,0.0,512.0,android
64.0,infinix hot 20i,9999.0,1.0,0,0,0,2.0,8.0,helio,3.0,64.0,5000.0,,0,6.6,720.0,1612.0,,water drop notch,1.0,13.0,8.0,2.0,1.0,0.0,,android
63.0,tecno spark 9,8390.0,1.0,0,0,0,2.3,8.0,helio,3.0,64.0,5000.0,,0,6.6,720.0,1600.0,90.0,water drop notch,1.0,13.0,8.0,2.0,1.0,0.0,256.0,android
82.0,zte axon 30s,19999.0,1.0,1,0,1,3.2,8.0,snapdragon,6.0,128.0,4200.0,55.0,1,6.9,1080.0,2460.0,120.0,,1.0,50.0,16.0,4.0,1.0,1.0,,android
71.0,honor x6,13999.0,1.0,0,0,0,2.0,8.0,helio,4.0,64.0,5000.0,10.0,1,6.5,720.0,1600.0,,water drop notch,1.0,50.0,5.0,3.0,1.0,1.0,,android
85.0,xiaomi civi 2,29999.0,1.0,1,1,1,2.4,8.0,snapdragon,8.0,128.0,4500.0,67.0,1,6.55,1080.0,2400.0,120.0,punch hole,1.0,50.0,32.0,3.0,,,,
60.0,tcl ion x,8990.0,1.0,0,0,0,2.0,8.0,helio,3.0,32.0,3000.0,10.0,1,6.0,720.0,1440.0,,,1.0,13.0,5.0,1.0,1.0,1.0,,android
,samsung galaxy z fold 4,163980.0,1.0,1,0,1,3.2,8.0,snapdragon,12.0,1024.0,4400.0,25.0,1,7.6,1812.0,2176.0,120.0,punch hole,,,,2.0,,,,android
80.0,nothing phone 1 lite,24990.0,1.0,1,0,1,2.5,8.0,snapdragon,6.0,128.0,5000.0,33.0,1,6.55,1080.0,2400.0,120.0,punch hole,1.0,50.0,16.0,2.0,,,,
,motorola moto edge x30 pro,59990.0,1.0,1,0,1,3.2,8.0,snapdragon,8.0,128.0,4450.0,125.0,1,6.67,1080.0,2340.0,144.0,punch hole,1.0,200.0,60.0,3.0,,,,
86.0,oneplus ace pro,47990.0,1.0,1,0,1,3.2,8.0,snapdragon,12.0,256.0,4800.0,150.0,1,6.7,1080.0,2412.0,120.0,punch hole,1.0,50.0,16.0,3.0,,,,
86.0,realme gt 2 explorer master edition,40990.0,1.0,1,0,1,3.2,8.0,snapdragon,8.0,128.0,5000.0,100.0,1,6.7,1080.0,2412.0,120.0,punch hole,1.0,50.0,16.0,3.0,,,,
74.0,samsung galaxy m35,22999.0,1.0,0,0,1,,8.0,,8.0,128.0,6000.0,,1,6.5,1080.0,2400.0,,water drop notch,1.0,64.0,32.0,3.0,1.0,0.0,1024.0,android
63.0,samsung galaxy a05,12990.0,1.0,0,0,0,,8.0,,4.0,64.0,5000.0,18.0,1,6.5,720.0,1560.0,,water drop notch,1.0,48.0,5.0,2.0,1.0,0.0,1024.0,android
79.0,infinix note 12 turbo,14999.0,1.0,0,0,0,2.0,8.0,helio,8.0,128.0,5000.0,33.0,1,6.7,2400.0,1080.0,,punch hole,1.0,50.0,16.0,3.0,1.0,0.0,512.0,android
86.0,poco f5 gt,42999.0,1.0,1,1,1,3.0,8.0,dimensity,8.0,128.0,4500.0,150.0,1,6.67,1080.0,2412.0,120.0,punch hole,1.0,64.0,20.0,3.0,0.0,0.0,0.0,android
78.0,iqoo z8,14999.0,1.0,1,0,0,2.2,8.0,snapdragon,4.0,128.0,5000.0,18.0,1,6.58,1080.0,2412.0,120.0,water drop notch,1.0,50.0,16.0,3.0,1.0,1.0,1024.0,android
83.0,vivo y55,22990.0,1.0,0,0,0,2.4,8.0,snapdragon,8.0,128.0,5000.0,44.0,1,6.44,1080.0,2400.0,120.0,water drop notch,1.0,50.0,16.0,3.0,1.0,1.0,1024.0,android
,vivo x fold,118990.0,1.0,1,0,1,3.0,8.0,snapdragon,12.0,512.0,4600.0,66.0,1,8.03,1916.0,2160.0,120.0,,,,,,,,,android
81.0,oppo k10 pro,29990.0,1.0,1,0,0,2.84,8.0,snapdragon,8.0,128.0,5000.0,80.0,1,6.62,1080.0,2400.0,120.0,punch hole,1.0,50.0,16.0,3.0,0.0,0.0,0.0,android
62.0,tecno spark 8c,7399.0,1.0,0,0,0,2.0,8.0,unisoc,3.0,64.0,5000.0,,0,6.6,720.0,1612.0,90.0,water drop notch,1.0,13.0,8.0,2.0,1.0,0.0,256.0,android
80.0,iqoo z7,17999.0,1.0,1,0,0,2.2,8.0,snapdragon,8.0,128.0,4200.0,55.0,1,6.67,1080.0,2400.0,120.0,punch hole,1.0,50.0,16.0,3.0,0.0,0.0,0.0,android
77.0,infinix note 11,12799.0,1.0,0,0,0,2.0,8.0,helio,6.0,128.0,5000.0,33.0,1,6.7,1080.0,2400.0,,water drop notch,1.0,50.0,16.0,3.0,1.0,0.0,,android
86.0,xiaomi 11i hypercharge,26999.0,1.0,1,1,0,2.5,8.0,dimensity,8.0,128.0,4500.0,120.0,1,6.67,2400.0,1080.0,120.0,punch hole,1.0,108.0,16.0,3.0,1.0,1.0,1024.0,android
82.0,samsung galaxy f42,22999.0,1.0,1,0,0,2.2,8.0,dimensity,8.0,128.0,5000.0,15.0,1,6.6,1080.0,2408.0,90.0,water drop notch,1.0,64.0,8.0,3.0,1.0,0.0,1024.0,android
84.0,apple iphone 13 pro,147900.0,1.0,1,0,1,3.22,6.0,bionic,6.0,1024.0,3095.0,,1,6.1,1170.0,2532.0,120.0,large notch,1.0,12.0,12.0,3.0,0.0,0.0,0.0,ios
84.0,nubia red magic 6s,44999.0,1.0,1,0,1,2.9,8.0,snapdragon,8.0,128.0,5050.0,30.0,1,6.8,1080.0,2400.0,165.0,,1.0,64.0,8.0,3.0,,,,
68.0,micromax in 2b,7790.0,1.0,0,0,0,1.8,8.0,unisoc,6.0,64.0,5000.0,,0,6.52,720.0,1600.0,,water drop notch,1.0,13.0,5.0,2.0,1.0,0.0,256.0,android
87.0,nokia x60,39990.0,1.0,1,0,0,3.2,8.0,snapdragon,6.0,128.0,6000.0,33.0,1,6.51,1080.0,2400.0,144.0,punch hole,1.0,200.0,16.0,4.0,1.0,0.0,,
65.0,vivo y12a,9999.0,1.0,0,0,0,2.0,8.0,snapdragon,3.0,32.0,5000.0,,0,6.51,720.0,1600.0,,water drop notch,1.0,13.0,8.0,2.0,1.0,0.0,,android
80.0,oppo reno 5a,22990.0,1.0,1,0,0,2.4,8.0,snapdragon,6.0,128.0,4000.0,18.0,1,6.5,1080.0,2400.0,90.0,punch hole,1.0,64.0,16.0,4.0,1.0,0.0,1024.0,android
79.0,poco f3 gt,32999.0,1.0,1,1,0,3.0,8.0,dimensity,6.0,128.0,5065.0,67.0,1,6.67,1080.0,2400.0,120.0,punch hole,1.0,64.0,16.0,3.0,,,,
85.0,honor 50,32990.0,1.0,1,0,1,2.4,8.0,snapdragon,6.0,128.0,4300.0,66.0,1,6.57,1080.0,2340.0,120.0,punch hole,1.0,108.0,32.0,4.0,0.0,0.0,0.0,android
74.0,oppo a54,14999.0,1.0,0,0,0,2.3,8.0,helio,6.0,128.0,5000.0,,1,6.51,1600.0,720.0,,punch hole,1.0,13.0,16.0,3.0,1.0,0.0,256.0,android
74.0,realme 8i,12499.0,1.0,0,0,0,2.05,8.0,helio,4.0,64.0,5000.0,18.0,1,6.6,1080.0,2412.0,120.0,punch hole,1.0,50.0,16.0,3.0,1.0,0.0,256.0,android
84.0,iqoo 7 legend,39990.0,1.0,1,0,1,2.84,8.0,snapdragon,8.0,128.0,4000.0,66.0,1,6.62,1080.0,2400.0,120.0,punch hole,1.0,48.0,16.0,3.0,,,,
61.0,realme c11,6499.0,1.0,0,0,0,1.6,8.0,unisoc,2.0,32.0,5000.0,,0,6.52,720.0,1600.0,,water drop notch,1.0,8.0,5.0,1.0,1.0,0.0,,android
76.0,samsung galaxy a22,18499.0,1.0,0,0,0,2.0,8.0,helio,6.0,128.0,5000.0,15.0,1,6.4,720.0,1600.0,,water drop notch,1.0,48.0,13.0,4.0,1.0,0.0,1024.0,android
85.0,realme gt,30994.0,1.0,1,0,1,2.84,8.0,snapdragon,8.0,128.0,4500.0,65.0,1,6.43,1080.0,2400.0,120.0,punch hole,1.0,64.0,16.0,3.0,,,,
78.0,google pixel 5a,32999.0,0.0,1,0,1,2.4,8.0,snapdragon,6.0,128.0,4620.0,18.0,1,6.34,1080.0,2400.0,,punch hole,1.0,16.0,8.0,2.0,,,,
73.0,samsung galaxy f12,10499.0,1.0,0,0,0,2.0,8.0,exynos,4.0,64.0,6000.0,15.0,1,6.5,720.0,1600.0,90.0,water drop notch,1.0,48.0,8.0,4.0,1.0,0.0,512.0,android
82.0,samsung galaxy f41,19999.0,1.0,0,0,0,2.3,8.0,exynos,6.0,128.0,6000.0,15.0,1,6.4,1080.0,2340.0,,water drop notch,1.0,64.0,32.0,3.0,1.0,0.0,512.0,android
75.0,samsung galaxy a21s,17499.0,1.0,0,0,0,2.0,8.0,exynos,6.0,128.0,5000.0,,0,6.5,720.0,1600.0,,punch hole,1.0,48.0,13.0,4.0,1.0,0.0,512.0,android
69.0,xiaomi redmi 9a,10990.0,1.0,0,0,0,2.0,8.0,helio,6.0,128.0,5000.0,,0,6.53,720.0,1600.0,,water drop notch,1.0,13.0,5.0,1.0,1.0,0.0,512.0,android
82.0,vivo v20 se,19000.0,1.0,0,0,0,2.0,8.0,snapdragon,8.0,128.0,4100.0,33.0,1,6.44,1080.0,2400.0,,water drop notch,1.0,48.0,32.0,3.0,1.0,0.0,,android
70.0,oppo a53,13990.0,1.0,0,0,0,1.8,8.0,snapdragon,6.0,128.0,5000.0,18.0,1,6.5,1600.0,720.0,90.0,punch hole,1.0,13.0,16.0,3.0,1.0,0.0,256.0,android
72.0,realme narzo 20,10499.0,1.0,0,0,0,2.0,8.0,helio,4.0,64.0,6000.0,18.0,1,6.5,720.0,1600.0,,water drop notch,1.0,48.0,8.0,3.0,1.0,0.0,256.0,android
,itel vision 1,5890.0,1.0,0,0,0,1.6,8.0,unisoc,3.0,32.0,4000.0,,0,6.09,1520.0,720.0,,water drop notch,1.0,8.0,5.0,2.0,1.0,0.0,128.0,android
61.0,realme c11,6490.0,1.0,0,0,0,2.3,8.0,helio,2.0,32.0,5000.0,,0,6.5,720.0,1600.0,,water drop notch,1.0,13.0,5.0,2.0,1.0,0.0,256.0,android
88.0,xiaomi mi 10,54999.0,1.0,1,1,1,2.84,8.0,snapdragon,8.0,256.0,4780.0,30.0,1,6.67,1080.0,2340.0,90.0,punch hole,1.0,108.0,20.0,4.0,0.0,0.0,0.0,android
65.0,vivo y21,9990.0,1.0,0,0,0,1.8,8.0,snapdragon,4.0,64.0,5000.0,,0,6.5,720.0,1544.0,,water drop notch,1.0,13.0,13.0,2.0,1.0,0.0,256.0,android
79.0,oneplus z,24999.0,1.0,0,0,0,2.4,8.0,snapdragon,8.0,128.0,4300.0,30.0,1,6.55,1080.0,2400.0,90.0,punch hole,1.0,64.0,16.0,3.0,0.0,0.0,0.0,android
,nokia,3399.0,1.0,0,0,0,,,,,,,,0,,,,,,,,,,,,,
88.0,sharp aquos r,59990.0,1.0,0,0,1,2.84,8.0,snapdragon,12.0,256.0,3730.0,,1,6.5,1440.0,3168.0,,water drop notch,1.0,48.0,16.0,3.0,1.0,1.0,1024.0,android
,huawei mate 30 rs porsche design,214990.0,1.0,1,1,1,2.86,8.0,kirin,12.0,512.0,4500.0,,1,6.53,1176.0,2400.0,,large notch,1.0,40.0,32.0,4.0,1.0,1.0,256.0,android
63.0,samsung galaxy a11,9990.0,1.0,0,0,0,1.8,8.0,,2.0,32.0,4000.0,15.0,1,6.4,720.0,1560.0,,punch hole,1.0,13.0,8.0,3.0,1.0,0.0,512.0,android
,realme c2,6999.0,1.0,0,0,0,2.0,8.0,helio,2.0,16.0,4000.0,,0,6.1,1560.0,720.0,,water drop notch,1.0,13.0,5.0,2.0,1.0,0.0,256.0,android
,huawei mate x,169000.0,1.0,1,1,1,2.86,8.0,kirin,8.0,512.0,4500.0,55.0,1,8.0,2200.0,2480.0,,,,,,,,,,
78.0,samsung galaxy a9 pro,39990.0,1.0,0,0,1,2.2,8.0,snapdragon,6.0,128.0,3400.0,,1,6.4,1080.0,2340.0,,punch hole,1.0,24.0,24.0,3.0,1.0,0.0,512.0,android
70.0,samsung galaxy a7,21490.0,1.0,0,0,0,2.2,8.0,exynos,4.0,64.0,3300.0,,0,6.0,2220.0,1080.0,,,1.0,24.0,24.0,3.0,1.0,0.0,512.0,android
,vivo y55s,13490.0,1.0,0,0,0,1.2,4.0,snapdragon,3.0,16.0,2730.0,,0,5.2,720.0,1280.0,,,1.0,13.0,5.0,1.0,1.0,0.0,,android
70.0,poco c55,7999.0,1.0,0,0,0,2.0,8.0,helio,4.0,64.0,5000.0,,0,6.71,720.0,1650.0,,water drop notch,1.0,50.0,5.0,2.0,1.0,0.0,512.0,android
67.0,blackview bv5200 pro,8990.0,1.0,1,0,1,2.3,8.0,helio,4.0,64.0,5180.0,10.0,1,6.1,720.0,1560.0,,punch hole,1.0,13.0,8.0,2.0,1.0,0.0,,android
75.0,honor x7a,13999.0,1.0,0,0,0,2.3,8.0,helio,6.0,128.0,5000.0,22.5,1,6.75,720.0,1600.0,90.0,water drop notch,1.0,50.0,8.0,4.0,1.0,0.0,,android
,xtouch f40 flip,1999.0,1.0,0,0,0,,,,,,,,0,,,,,,,,,,,,,
72.0,oppo a58x,13990.0,1.0,1,0,0,2.2,8.0,dimensity,6.0,128.0,5000.0,10.0,1,6.56,720.0,1612.0,90.0,water drop notch,1.0,13.0,8.0,2.0,1.0,0.0,1024.0,android
84.0,doogee s99,14999.0,1.0,0,0,1,2.05,8.0,helio,8.0,128.0,6000.0,33.0,1,6.3,1080.0,2340.0,,water drop notch,1.0,108.0,32.0,3.0,1.0,0.0,1024.0,android
,lava x3,6999.0,1.0,0,0,0,2.0,4.0,helio,3.0,32.0,4000.0,,0,6.5,1600.0,720.0,,water drop notch,1.0,8.0,5.0,2.0,1.0,1.0,512.0,android
87.0,motorola edge 40 fusion,42990.0,1.0,1,0,1,3.2,8.0,snapdragon,8.0,128.0,4500.0,68.0,1,6.67,1080.0,2400.0,144.0,punch hole,1.0,50.0,32.0,3.0,0.0,0.0,0.0,android
61.0,ikall z18,6799.0,1.0,0,0,0,1.3,4.0,,4.0,64.0,5000.0,,0,6.82,720.0,1560.0,,punch hole,1.0,20.0,13.0,1.0,1.0,1.0,64.0,android
72.0,oukitel wp9,25899.0,1.0,0,0,1,2.0,8.0,helio,6.0,128.0,8000.0,,0,5.86,720.0,1520.0,,large notch,1.0,16.0,8.0,3.0,1.0,0.0,,android
89.0,xiaomi 14,54999.0,1.0,1,1,1,3.2,8.0,snapdragon,12.0,256.0,5000.0,67.0,1,6.43,1440.0,3200.0,120.0,punch hole,1.0,50.0,32.0,3.0,,,,
89.0,motorola thinkphone,49990.0,1.0,1,0,1,3.2,8.0,snapdragon,8.0,128.0,5000.0,68.0,1,6.6,1080.0,2400.0,144.0,,1.0,50.0,32.0,3.0,,,,
86.0,xiaomi civi 3,32990.0,1.0,1,1,1,3.1,8.0,dimensity,8.0,256.0,5000.0,80.0,1,6.7,1080.0,2400.0,120.0,punch hole,1.0,64.0,32.0,3.0,,,,
64.0,realme narzo 50i prime,8720.0,1.0,0,0,0,1.82,8.0,unisoc,4.0,64.0,5000.0,10.0,1,6.5,720.0,1600.0,,water drop notch,1.0,8.0,5.0,1.0,1.0,0.0,1024.0,android
89.0,oppo find x6,69990.0,1.0,1,0,1,3.2,8.0,snapdragon,8.0,256.0,4700.0,120.0,1,6.73,1080.0,2400.0,120.0,punch hole,1.0,50.0,32.0,3.0,,,,
,itel a23s,4787.0,1.0,0,0,0,1.4,4.0,unisoc,2.0,32.0,3020.0,,0,5.0,854.0,480.0,,,1.0,2.0,0.0,1.0,,,,
80.0,google pixel 8 pro,70990.0,1.0,1,0,1,,8.0,google,12.0,256.0,5000.0,67.0,1,6.73,1440.0,3120.0,120.0,punch hole,1.0,50.0,12.0,3.0,,,,
,vivo x fold 2,119990.0,1.0,1,0,1,3.2,8.0,snapdragon,12.0,256.0,4800.0,66.0,1,8.03,1916.0,2160.0,120.0,,,,,,,,,android
83.0,motorola moto edge s30 pro,34990.0,1.0,1,0,0,3.0,8.0,snapdragon,8.0,128.0,5000.0,68.2,1,6.67,1080.0,2460.0,120.0,punch hole,1.0,64.0,16.0,3.0,,,,
75.0,honor x8,14990.0,1.0,1,0,0,2.2,8.0,snapdragon,6.0,128.0,5000.0,22.5,1,6.5,720.0,1600.0,,water drop notch,1.0,48.0,8.0,3.0,1.0,0.0,1024.0,android
85.0,poco x4 gt,28990.0,1.0,1,1,1,2.85,8.0,dimensity,8.0,256.0,5080.0,67.0,1,6.6,1080.0,2460.0,144.0,punch hole,1.0,64.0,16.0,3.0,0.0,0.0,0.0,android
80.0,motorola moto g91,19990.0,1.0,1,0,1,2.2,8.0,snapdragon,6.0,128.0,5000.0,,1,6.8,1080.0,2400.0,,punch hole,1.0,108.0,32.0,3.0,1.0,0.0,1024.0,android
74.0,samsung galaxy m52s,24990.0,1.0,1,0,0,,8.0,,8.0,128.0,5000.0,,1,6.5,1080.0,2400.0,,water drop notch,1.0,64.0,32.0,3.0,1.0,0.0,1024.0,android
